machine_name,category,certification_date,certification_source,memo
CR 009 RE:CYBORG 99.9ver,P,,,
CR 009 RE:CYBORG S2R-K,P,,,
CR J-RUSH3 HSJ,P,,,
CR J-RUSH3 RSJ,P,,,
CR J-RUSH4 HSJ,P,,,
CR JAWS～it’s a SHARK PANIC～ 319ver.,P,,,
CR RAVE この世界こそが真実だ FPM,P,,,
CRA TOKIO PREMIUM V,P,,,
CRA大海物語3withアグネス・ラム SAP,P,,,
CRA暴れん坊将軍 怪談 FPW,P,,,
CRA海物語 3R,P,,,
CRA祭りだ!サブちゃん,P,,,
CRA花の慶次X～雲のかなたに～ N-K,P,,,
CRA遠山の金さん 二人の遠山桜 FPW,P,,,
CRA銀河鉄道999 99ver.,P,,,
CRぱちんこAKB48 バラの儀式 V9,P,,,
CRぱちんこコードギアス 反逆のルルーシュ Z4,P,,,
CRぱちんこ仮面ライダー フルスロットル 闇のバトルver.,P,,,
CRぱちんこ魔法少女まどか☆マギカ H2,P,,,
CRひぐらしのなく頃に～叫～ 319Ver.,P,,,
CRシュタインズ・ゲート 未来ガジェット319号機,P,,,
CRスーパー海物語 IN JAPAN 319バージョン,P,,,
CRスーパー海物語 IN JAPAN 金富士 新MAX319バージョン,P,,,
CRスーパー海物語IN沖縄3 桜ライト,P,,,
CRスーパー海物語IN沖縄4 MTC,P,,,
CRスーパー海物語IN沖縄4桜バージョン ライト199ver.,P,,,
CRスーパー海物語IN沖縄4桜バージョン 新マックス319ver.,P,,,
CRダイナマイトキングin沖縄 爆はいさいVer.,P,,,
CRトキオスペシャル V1,P,,,
CRビッグドリーム～神撃 259Ver.,P,,,
CRフィーバークィーンⅡ DX,P,,,
CRフィーバー宇宙戦艦ヤマト -ONLY ONE- ライトミドルタイプ,P,,,
CRフィーバー戦姫絶唱シンフォギア,P,,,
CRフィーバー戦姫絶唱シンフォギア LIGHT ver.,P,,,
CRマッハGoGoGo GP7000 XVTS,P,,,
CRリング 運命の日 FPSZ,P,,,
CRリング 運命の日 FPWZ,P,,,
CRルパン三世～消されたルパン～ 299Ver.,P,,,
CR大海物語4 MTB,P,,,
CR大海物語4 with アグネス・ラム SBC,P,,,
CR大海物語BLACK ライト,P,,,
CR大海物語スペシャル MTE15,P,,,
CR戦国乙女5～10th Anniversary～ H1BZ1,P,,,
CR爆走大工の源さん外伝-京都もいただき編- 強ミドル,P,,,
CR百花繚乱 サムライブライド M5BZ2,P,,,
CR真・花の慶次 L6-K,P,,,
CR真・花の慶次2～漆黒の衝撃 2400,P,,,
CR緋弾のアリアⅡ FPM,P,,,
CR聖闘士星矢-BEYOND THE LIMIT- MLA,P,,,
CR花の慶次X～雲のかなたに～ H2-K,P,,,
CR餃子の王将3 メガ盛7000,P,,,
CR餃子の王将3 大盛5000,P,,,
CR黄門ちゃま 超寿 日本漫遊2700km 199ver.,P,,,
CR黄門ちゃま 超寿 日本漫遊2700km 299ver.,P,,,
CR黄門ちゃま～神盛JUDGEMENT～ 99.9ver.,P,,,
CR黄門ちゃま～神盛JUDGEMENT～ L9BZ6,P,,,
Cの衝撃!!P弾球黙示録カイジ5 電撃チャージ和也Ver.,P,,,
P 009 RE:CYBORG ACCELERATOR EDITION 99ver.,P,,,
P 009 RE:CYBORG ACCELERATOR EDITION M4-K,P,,,
P 10カウントチャージ 絶狼,P,,,
P <物語>シリーズ セカンドシーズン GEE,P,,,
P ANOTHER WILD RODEO～スギちゃんっス～ ST2,P,,,
P CYBORG009 RULE OF SACRIFICE S3-K,P,,,
P CYBORG009 RULE OF SACRIFICE VS SCARL BODY EDITION 199,P,,,
P DD北斗の拳2 ついでに愛を取り戻せ!! ケンシロウ319Ver.,P,,,
P DD北斗の拳2 ついでに愛を取り戻せ!! ラオウ199Ver.,P,,,
P DD北斗の拳3 V1C,P,,,
P DD北斗の拳3 百突99ver.,P,,,
P FAIRY TAIL 2 JQD,P,,,
P FAIRY TAIL 89Ver.,P,,,
P FAIRY TAIL これが七炎竜の力だ FSA,P,,,
P FAIRY TAIL 超一夜Ver.,P,,,
P GANTZ覚醒 SWEET2000,P,,,
P GO!GO!マリン 3000 HCD,P,,,
P GO!GO!マリン 超連撃BATTLE JTD,P,,,
P GO!GO!郷 comeback stage M3-X,P,,,
P GO!GO!郷 革命の5 M4-VLT,P,,,
P GOD EATER 究極一閃 MA,P,,,
P GOD EATER-ブラッドの覚醒- アマデジ神撃90VER,P,,,
P GⅠDREAMROAD MH,P,,,
P J-RUSH5 HSJ-S,P,,,
P J-RUSH5 RSJ-S,P,,,
P JAWS3 SHARK PANIC -深淵- H1AZ5Y,P,,,
P JAWS3 SHARK PANIC -深淵- LIGHT,P,,,
P NEW TOKIO ハカマタイプ,P,,,
P ROAD TO EDEN GED,P,,,
P Re:ゼロから始める異世界生活,P,,,
P Re:ゼロから始める異世界生活 season2 129ver.,P,,,
P Re:ゼロから始める異世界生活 season2 249ver.,P,,,
P Re:ゼロから始める異世界生活 鬼がかり 199ver.,P,,,
P Re:ゼロから始める異世界生活 鬼がかり 99ver.,P,,,
P Re:ゼロから始める異世界生活 鬼がかりver.,P,,,
P STEINS；GATE 0 L2-K,P,,,
P TENRYU 7 R1,P,,,
P TIGER & BUNNY ～完全無欠WILDスペック～,P,,,
P TOKIO BLACK 4500V1,P,,,
P ToLOVEるダークネス 100ver.,P,,,
P ToLOVEるダークネス 199ver.,P,,,
P ToLOVEるダークネス H1YZ5,P,,,
P ayumi hamasaki ～LIVE in CASINO～ KG-F,P,,,
P ayumi hamasaki ～LIVE in CASINO～ KG-JJF,P,,,
P sin 七つの大罪 X-TREME V1K,P,,,
P sin 七つの大罪 強甘 2400Ver.,P,,,
P yes!高須クリニック 超整形BLACK ver.,P,,,
P yes!高須クリニック青天 はじまりは4500,P,,,
P いくさの子 戦極最強 ドデカ199ver.,P,,,
P にゃんこ大戦争 多様性のネコ M4,P,,,
P にゃんこ大戦争 多様性のネコ 神さまにおまかせ88ver.,P,,,
P ひぐらしのなく頃に～彩～ FM-N,P,,,
P アズールレーン THE ANIMATION 異次元トリガー 79ver.,P,,,
P アズールレーン THE ANIMATION 異次元トリガー M4,P,,,
P ウルトラマンメビウス デカヘソ319,P,,,
P ゴジラ対エヴァンゲリオン セカンドインパクト G R,P,,,
P ゴジラ対エヴァンゲリオン2 超デカシルバー,P,,,
P モモキュンソード 速撃3000+,P,,,
P モモキュンソード 速撃99ver.,P,,,
P リングにかけろ1 L5-S,P,,,
P 俺の妹がこんなに可愛いわけがない。 M3,P,,,
P 俺の妹がこんなに可愛いわけがない。 攻略!!スキップ159ver.,P,,,
P 冬のソナタ My Memory M7,P,,,
P 冬のソナタ My Memory SWEET Version,P,,,
P 宇宙戦艦ヤマト2202 超波動 G,P,,,
P 宇宙戦艦ヤマト2202 超波動 森雪 199LT ver.,P,,,
P 新世紀エヴァンゲリオン ～未来への咆哮～ PREMIUM MODEL,P,,,
P 犬夜叉3.0 大入り 甘SPEC,P,,,
P 百花繚乱 ご奉仕129ver.,P,,,
P 織田信奈の野望 下剋上 V1D,P,,,
P 魔法少女まどか☆マギカ3 LM3,P,,,
P 魔法少女まどか☆マギカ3 キュゥべえver.,P,,,
P10カウントチャージ 絶狼 神撃135Ver.,P,,,
P13日の金曜日 ZB,P,,,
PA CYBORG009 CALL OF JUSTICE N-X1,P,,,
PA CYBORG009 RULE OF SACRIFICE LT99Ver,P,,,
PA FAIRY TAIL 2 JWA,P,,,
PA GO!GO!郷 comeback stage 77ver.,P,,,
PA SUPER 電役ナナシーSPECIAL 3VV,P,,,
PAうる星やつら～ラムのLoveSong～ N-K,P,,,
PAこの素晴らしい世界に祝福を! 「このゆる甘99に祝福を!」,P,,,
PAでかちりラッシュ AE,P,,,
PAぱちんこ キン肉マン3 キン肉星王位争奪編 特盛ミートくんver.,P,,,
PAぱちんこ シン・エヴァンゲリオン PREMIUM MODEL,P,,,
PAぱちんこ 新・必殺仕置人 TURBO A8,P,,,
PAぱちんこAKB48桜 LIGHTver.,P,,,
PAぱちんこウルトラ6兄弟 Light Version,P,,,
PAぱちんこウルトラセブン2 Light ver.,P,,,
PAぱちんこガラスの仮面 89ver.,P,,,
PAぱちんこ冬のソナタ SWEET W HAPPY Version,P,,,
PAぱちんこ新鬼武者 狂鬼乱舞 Light ver.,P,,,
PAひぐらしのなく頃に 輪廻転生 99Ver.,P,,,
PAひぐらしのなく頃に～囁～ AD-FR,P,,,
PAぶいぶい!ゴジラ かいじゅう大集合!! N-K1,P,,,
PAわんわんパラダイスCELEBRATION AGBD,P,,,
PAわんわんパラダイスV GBA,P,,,
PAガンスリンガー ストラトス 遊撃ver.,P,,,
PAガールフレンド(仮) 99ver.,P,,,
PAギンギラパラダイス 夢幻カーニバル 強99ver.,P,,,
PAコマコマ倶楽部with坂本冬美 89STver.,P,,,
PAコマコマ倶楽部with坂本冬美 99ver.,P,,,
PAコマコマ倶楽部with坂本冬美 99確変ループver.,P,,,
PAスーパー海物語 IN JAPAN2 金富士99バージョン,P,,,
PAスーパー海物語 IN 地中海2 HLA,P,,,
PAスーパー海物語IN地中海 SBA,P,,,
PAスーパー海物語IN沖縄5 with アイマリン SBA,P,,,
PAスーパー海物語IN沖縄6 Withえなこ RBD,P,,,
PAデジハネガオガオキング3 SWQA,P,,,
PAデジハネ火曜サスペンス劇場3 最後の推理 GSA,P,,,
PAドラム海物語 IN JAPAN RBB,P,,,
PAナムココレクション 89ver.,P,,,
PAナムココレクション2 スイートゲームver.,P,,,
PAハイスクール・フリート オールスター すい～とでハッピー!2400,P,,,
PAハイスクール・フリート スイートでハッピー!,P,,,
PAビビッドレッド・オペレーション Sweetもも99ver.,P,,,
PAフィーバー バイオハザード リベレーションズ2 Light ver.,P,,,
PAフィーバー 機動戦士ガンダムユニコーン LIGHT ver.,P,,,
PAフィーバーかぐや様は告らせたい Light ver.,P,,,
PAフィーバーからくりサーカス2 Light ver.,P,,,
PAフィーバーアイドルマスター ミリオンライブ! LIGHT VER.,P,,,
PAフィーバーアクエリオン ALL STARS LIGHT ver.,P,,,
PAフィーバースーパー戦隊 Light ver.,P,,,
PAフィーバーダンジョンに出会いを求めるのは間違っているだろうか2 LT-Light ver.,P,,,
PAフィーバーダンベル何キロ持てる? Light ver.,P,,,
PAフィーバーパワフル R,P,,,
PAフィーバーマクロスフロンティア3 Light ver.,P,,,
PAフィーバーマクロスフロンティア4 88ver.,P,,,
PAフィーバー機動戦士ガンダム 逆襲のシャア Light ver.,P,,,
PAフィーバー機動戦士ガンダムユニコーン LIGHT ver.,P,,,
PAフィーバー機動戦士ガンダムユニコーン 再来 99ver.,P,,,
PAフィーバー真花月2 Light Ver.,P,,,
PAフィーバー蒼穹のファフナー2 Light ver.,P,,,
PAヤッターマンVVV YBB,P,,,
PAリング バースデイ 呪いの始まり FWC,P,,,
PAリング 呪いの7日間2 FWA,P,,,
PAワンパンマン 99ver.,P,,,
PAヱヴァンゲリヲン13 エクストラモデル,P,,,
PA世紀末・天才バカボン～神SPEC凱旋～ 99ver.,P,,,
PA乗物娘 WITH CYBERJAPAN(R) DANCERS 77ver.,P,,,
PA乗物娘 with CYBER JAPAN DANCERS 2nd season 77ver.,P,,,
PA元祖ギンギラパラダイス 強99ver.,P,,,
PA元祖大工の源さん WBE,P,,,
PA元祖大工の源さん2 JBB,P,,,
PA咲-Saki- 阿知賀編 99バージョン,P,,,
PA大海物語4 スペシャル with アグネス・ラム RBA,P,,,
PA大海物語5 Withアグネス・ラム ARBC,P,,,
PA大海物語5 ブラック LT99ver.,P,,,
PA巨人の星 一球入魂 明子2000Ver,P,,,
PA巨人の星～栄光の軌跡～ Light version,P,,,
PA怪盗おそ松さん HC-R,P,,,
PA戦国BASARA N-5V1,P,,,
PA新世紀エヴァンゲリオン 決戦 プレミアムモデル,P,,,
PA新海物語 ARBB,P,,,
PA海物語 極JAPAN Withナギナミ HBD,P,,,
PA海物語3R2 F,P,,,
PA海物語3R2スペシャル MBA,P,,,
PA海物語3R3 LBA(クリスタルシェル),P,,,
PA清流物語4 ウキウキ79ver.,P,,,
PA激デジ ジューシーハニーハーレム RAY,P,,,
PA激デジ 真・牙狼 RBY4,P,,,
PA激デジ 笑ゥせぇるすまん 最後の忠告 MPY,P,,,
PA激デジジューシーハニー3 NCY,P,,,
PA激デジ牙狼月虹ノ旅人 RL,P,,,
PA真・怪獣王ゴジラ N2-K6,P,,,
PA真・怪獣王ゴジラ NL-K1,P,,,
PA真・怪獣王ゴジラ2 78Ver.,P,,,
PA真・暴れん坊将軍 双撃 99Ver.,P,,,
PA真・花の慶次2 漆黒の衝撃 99ver.,P,,,
PA緋弾のアリアAA JD設定付,P,,,
PA緋弾のアリアⅢ FW設定付,P,,,
PA緋弾のアリア～緋弾覚醒編～甘デジver.,P,,,
PA義風堂々!!～兼続と慶次～3 99Ver.,P,,,
PA聖闘士星矢4 The Battle of ”限界突破” 女神シリーズ,P,,,
PA花の慶次 裂 99ver.,P,,,
PA花の慶次～傾奇一転 87ver.,P,,,
PA花の慶次～蓮 N-V,P,,,
PA貞子vs伽椰子 頂上決戦　FWA,P,,,
PA遠山の金さん2 遠山桜と華の密偵 JWD,P,,,
PA野生の王国Ⅵ N2,P,,,
PA野生の王国～どらむサファリ～ 99Ver.,P,,,
PA鉄拳 極 SWEET COMBO VER.,P,,,
PA銀河英雄伝説 Die Neue These 遊パチスペック,P,,,
PA魔王学院の不適合者 魔王再臨 99Ver,P,,,
PDD北斗の拳2 ついでに愛を取り戻せ!! ケンシロウ319Ver.,P,,,
PLT OVERLORD魔導王光臨 129ver.,P,,,
PLT OVERLORD魔導王光臨 ME,P,,,
PLTジューシーハニー極嬢 MA,P,,,
PLT世界でいちばん強くなりたい!2 MQ,P,,,
PLT激デジ ジューシーハニー極嬢 77LT-ARB,P,,,
P【超甘LT】江頭2:50inナナシー 奇跡の99%,P,,,
P【超甘LT】華牌RR 1/49×99de遊タイム,P,,,
P【超甘LT】豊丸のとあるパチンコにしみけん参戦 感度UP1/39,P,,,
Pあの日見た花の名前を僕達はまだ知らない。 SLJA,P,,,
Pあぶない刑事 129ver.,P,,,
Pあぶない刑事 M4-Z YT900,P,,,
Pいくさの子 織田三郎信長伝 GFPF,P,,,
Pうしおととら～超獣SPEC～ FM-JH,P,,,
Pうまい棒 4500から10500 V1,P,,,
Pうまい棒 4500～10500,P,,,
Pうまい棒2 V3,P,,,
Pうる星やつら～Eternal Love Song～ 129ver.,P,,,
Pうる星やつら～Eternal Love Song～ L2-K,P,,,
Pえとたま2 神祭 MY,P,,,
Pえとたま2 神祭 干支甘,P,,,
Pおそ松さんの頑張れ! ゴールデンロード 625Ver.,P,,,
Pおばけらんど 怪 199Ver.,P,,,
Pおばけらんど 怪 319Ver.(威吹枠),P,,,
Pこの素晴らしい世界に祝福を 199LT「このラッキートリガーに祝福を!」,P,,,
Pこの素晴らしい世界に祝福を! 199LT「このラッキートリガーに祝福を!」,P,,,
Pすしざんまい 極上5700,P,,,
Pだるまっしゅ2 119ver.,P,,,
Pだるまっしゅ2 M7-KC,P,,,
Pとある科学の超電磁砲 FSB,P,,,
Pとある科学の超電磁砲 最強御坂ver.,P,,,
Pとある科学の超電磁砲2 JMB,P,,,
Pとある魔術の禁書目録 JUA,P,,,
Pとある魔術の禁書目録 Light PREMIUM ver.,P,,,
Pとある魔術の禁書目録2 JMZ,P,,,
Pとある魔術の禁書目録2 Light PREMIUM 2000 ver.,P,,,
Pはぐれ刑事純情派 L6-XY,P,,,
Pはねものファインプレー H3,P,,,
Pぱちんこ GANTZ:3 LAST BATTLE M3,P,,,
Pぱちんこ GANTZ極 M3,P,,,
Pぱちんこ GANTZ覚醒 RUSH180,P,,,
Pぱちんこ ウルトラセブン 超乱舞,P,,,
Pぱちんこ ウルトラマンタロウ2,P,,,
Pぱちんこ ウルトラマンティガ ウルトラ超光ライトver.,P,,,
Pぱちんこ キン肉マン3 キン肉星王位争奪編 友情シルバー,P,,,
Pぱちんこ キン肉マン3 キン肉星王位争奪編 火事場ゴールド,P,,,
Pぱちんこ シン・エヴァンゲリオン 129 LT ver.,P,,,
Pぱちんこ シン・エヴァンゲリオン Type レイ,P,,,
Pぱちんこ 乃木坂46 キュンキュンLIGHT ver.,P,,,
Pぱちんこ 乃木坂46 トレジャースペック KCJ2,P,,,
Pぱちんこ 水戸黄門 超極上 KC1,P,,,
PぱちんこAKB48 ワン・ツー・スリー!!フェスティバル L1,P,,,
PぱちんこAKB48-3～誇りの丘～ Light Version,P,,,
PぱちんこGANTZ:2 Sweet ばーじょん,P,,,
Pぱちんこアズールレーン THE ANIMATION MC2,P,,,
Pぱちんこウルトラ6兄弟 K3,P,,,
Pぱちんこウルトラマンタロウ2 超決戦LIGHT ver.,P,,,
Pぱちんこウルトラマンティガ K17,P,,,
Pぱちんこウルトラマンティガ ウルトラ超光ライトver.,P,,,
Pぱちんこガラスの仮面 M-K1,P,,,
Pぱちんこガラスの仮面 ML-K1,P,,,
Pぱちんこ乃木坂46 KJ2,P,,,
Pぱちんこ仮面ライダー GO-ON LIGHT,P,,,
Pぱちんこ仮面ライダー 轟音 M6,P,,,
Pぱちんこ仮面ライダー 闇のライダーver. K2,P,,,
Pぱちんこ冬のソナタForever M2,P,,,
Pぱちんこ劇場版魔法少女まどか☆マギカ キュウべえver.,P,,,
Pぱちんこ劇場版魔法少女まどか☆マギカ 悪魔ほむらVER.,P,,,
Pぱちんこ戦国コレクション LU,P,,,
Pぱちんこ戦国コレクションBLACK LA,P,,,
Pぱちんこ新・必殺仕置人 K3,P,,,
Pぱちんこ新鬼武者 狂鬼乱舞 ズバババ90XX9,P,,,
Pひぐらしのなく頃に 輪廻転生 FM-JT,P,,,
Pひぐらしのなく頃に～廻～ 219ver.,P,,,
Pひぐらしのなく頃に～廻～ AM,P,,,
Pひぐらしのなく頃に～憩～ 119ver.,P,,,
Pひぐらしのなく頃に～瞬～ AM-S,P,,,
Pひぐらしのなく頃に～蕾～ FH-T,P,,,
Pぶいぶい!ゴジラ かいじゅう大集合!! M3-K1,P,,,
Pほのかとクールポコと、ときどき武藤敬司 Y3F,P,,,
Pまわるん大海物語4 スペシャル with アグネス・ラム 119ver.,P,,,
Pめぞん一刻～Wedding Story～ H1YX1,P,,,
Pめぞん一刻～Wedding Story～ 甘デジ,P,,,
Pもっとあぶない刑事 L3-MX,P,,,
Pやじきた道中記 MM,P,,,
Pやじきた道中記 甘味ver.,P,,,
Pらんま1/2 熱血格闘遊戯 199Ver.,P,,,
Pらんま1/2 熱血格闘遊戯 99Ver.,P,,,
Pわんニャンアドベンチャー 119ver.,P,,,
Pわんニャンアドベンチャー HCB,P,,,
Pアクエリオン ALL STARS bV,P,,,
Pアズールレーン THE ANIMATION 異次元トリガー M4,P,,,
Pアナザーゴッドハーデス ザ ワールド SC,P,,,
Pアナザーゴッドハーデス-狂乱- MC,P,,,
Pアナザーゴッドハーデス-獄炎- SB,P,,,
Pアナザーゴッドポセイドン-怒濤の神撃- MH,P,,,
Pアレジン プレミアム FMG,P,,,
Pカイジ 鉄骨渡り勝負編 7000,P,,,
Pガールズ＆パンツァー 劇場版 L9YU3Y,P,,,
Pガールズ＆パンツァー 劇場版 甘デジ,P,,,
Pガールフレンド(仮) M2-K YT500,P,,,
Pキャッツ・アイ～最高のお宝、頂きに上がります～ Sweet Treasures ver.,P,,,
Pキャプテン翼 2020 NL,P,,,
Pキャプテン翼 石崎バージョン,P,,,
Pキャプテン翼 若林Ver.,P,,,
Pキャプテン翼 若林甘えんなよ! Ver.,P,,,
Pキュインぱちんこ ピンク・レディー しんぷる,P,,,
Pギルティクラウン2 ME,P,,,
Pギルティクラウン2 プレミアムライブチケット,P,,,
Pギンギラパラダイス 夢幻カーニバル 199ver.,P,,,
Pギンギラパラダイス 夢幻カーニバル 319ver.,P,,,
Pクイーンズブレイド3 ナナエルVer.,P,,,
Pクイーンズブレイド3 レイナVer.,P,,,
Pクイーンズブレイド4 UNLIMITED V1D,P,,,
Pクイーンズブレイド4 ナナエルver.,P,,,
Pクイーンズブレイド奈落 5400,P,,,
Pクイーンズブレイド奈落 ナナエル79Ver.,P,,,
Pゲゲゲの鬼太郎 獅子奮迅 99ver.,P,,,
Pゲゲゲの鬼太郎 獅子奮迅 RRZ,P,,,
Pコードギアス 反逆のルルーシュ Light ver.,P,,,
Pコードギアス 反逆のルルーシュ Rebellion to Re;surrection ライト ver.,P,,,
Pコードギアス 反逆のルルーシュ Rebellion to Re；surrection V,P,,,
Pコードギアス 反逆のルルーシュ Rebellion to Re；surrection ライト ver.,P,,,
Pコードギアス 反逆のルルーシュ bR,P,,,
Pコードギアス 反逆のルルーシュ ライトミドルver.,P,,,
Pゴジラ対エヴァンゲリオン ～G細胞覚醒～ L,P,,,
Pゴジラ対エヴァンゲリオン ～G細胞覚醒～ PREMIUM MODEL,P,,,
Pゴッドイーター199 ゴッドトリガーVER.,P,,,
Pゴッドイーター神がかりVer.,P,,,
Pゴブリンスレイヤー JGZ,P,,,
Pゴブリンスレイヤー ラッキートリガーVer,P,,,
Pサラリーマン金太郎 159をなめんじゃねぇver.,P,,,
Pサラリーマン金太郎 FMY,P,,,
Pシティーハンター 俺の心を震わせた日 H1YZ7,P,,,
Pシティーハンター 俺の心を震わせた日 凄ライトミドル,P,,,
PシンデレラブレイドJQX,P,,,
Pジューシーハニー ハーレム MF,P,,,
Pジューシーハニー2 REY2,P,,,
Pジューシーハニー3 MGY2,P,,,
Pジューシーハニー3 てんこ盛り連写RUSH RCY3,P,,,
Pストライクウィッチーズ2 129ver.,P,,,
Pストライクウィッチーズ2 HCL,P,,,
PストリートファイターⅤ FRY,P,,,
PストリートファイターⅤ K.O.RUSH FMW,P,,,
PストリートファイターⅤ K.O.RUSH LIGHT EDITION,P,,,
Pスーパーコンビ α7500,P,,,
Pスーパー海物語 IN JAPAN2 with 太鼓の達人 99バージョン,P,,,
Pスーパー海物語 IN JAPAN2 金富士 はんなり199バージョン,P,,,
Pスーパー海物語 IN JAPAN2 金富士 ピリッと319バージョン,P,,,
Pスーパー海物語IN沖縄5 LTV,P,,,
Pスーパー海物語IN沖縄5 夜桜超旋風 99ver.,P,,,
Pスーパー海物語IN沖縄5 夜桜超旋風 YTC,P,,,
Pスーパー海物語IN沖縄5 桜ver. 199ver.,P,,,
Pスーパー海物語IN沖縄5 桜ver. 319ver.,P,,,
Pスーパー海物語IN沖縄6 LTP,P,,,
Pゾンビランドサガ SCPC,P,,,
Pターミネーター2 TYPE 7500,P,,,
Pターミネーター2 連撃FULL AUTO VER.,P,,,
Pダイナマイトキング ～無敵SPEC～ FN-T,P,,,
Pダンガンロンパ M6-V1,P,,,
Pツインループ花満開 XD,P,,,
Pデジハネ蒼天の拳 双龍 GSB,P,,,
Pデビルマン THE FINAL N4-S,P,,,
Pデビルマン 疾風迅雷 129ver.,P,,,
Pデビルマン 疾風迅雷 S-X1 YT959,P,,,
Pデビルマン 黄金黙示録 N-K1 YT250,P,,,
Pデビルメイクライ4 OUT OF LIMIT AA,P,,,
Pデビルメイクライ4 クレイジーバトル MD,P,,,
Pドラムだ!金ドン 花火外伝 99ver.,P,,,
Pドラムだ!金ドン 花火外伝 MP,P,,,
Pドラム海物語IN沖縄 桜 SBE,P,,,
Pドラム花火の源さん HCB,P,,,
Pニュートキオ GREEN V1,P,,,
Pネオモンスターハウス 99Ver.,P,,,
PハイスクールD×D 真紅 MC,P,,,
Pハイスクール・フリート MA,P,,,
Pハイスクール・フリート オールスター MH,P,,,
Pハネモノ ファミリースタジアム MD,P,,,
Pバイオハザード RE:2 H1YZ3,P,,,
Pバイオハザード RE:2 LTver.,P,,,
Pバキ 319ver.,P,,,
Pバジリスク～桜花忍法帖～ MD,P,,,
Pバジリスク～桜花忍法帖～ 早咲き桜99ver.,P,,,
Pバジリスク～甲賀忍法帖～2 MD,P,,,
Pバジリスク～甲賀忍法帖～2 朧の章,P,,,
Pバベル5000 MN,P,,,
Pバンドリ! H1YZ4,P,,,
Pバンドリ! Light ver.,P,,,
Pバーストエンジェル3 199Ver,P,,,
Pパイレーツオブダイナマイトキング AG-JJJS,P,,,
Pパチンコ 新世紀エヴァンゲリオン ～未来への咆哮～,P,,,
Pパチンコ閃乱カグラ2 胸躍る199Ver.,P,,,
PパトラッシュV GREEN,P,,,
PパトラッシュV RED,P,,,
Pビッグドリーム2 激神 199ver.,P,,,
Pビッグドリーム2 激神 GFE,P,,,
Pビッグドリーム3 77ver.,P,,,
Pビッグドリーム3 SFJJ,P,,,
Pビビッドレッド・オペレーション M-K YT599,P,,,
Pフィーバー バイオハザード リベレーションズ2 Z,P,,,
Pフィーバー 機動戦士ガンダムユニコーン b,P,,,
Pフィーバーありふれた職業で世界最強 Light ver.,P,,,
Pフィーバーありふれた職業で世界最強 R,P,,,
Pフィーバーうたわれるもの 199ver.,P,,,
Pフィーバーうたわれるもの LT-Light ver.,P,,,
Pフィーバーかぐや様は告らせたい R,P,,,
Pフィーバーからくりサーカス Light ver.,P,,,
Pフィーバーからくりサーカス V,P,,,
Pフィーバーアイドルマスター ミリオンライブ! 39フェスver.,P,,,
Pフィーバーアイドルマスター ミリオンライブ! PREMIUM 39LIVE TOUR,P,,,
PフィーバーアクエリオンW 気持ちいい～！ver.,P,,,
Pフィーバーアクエリオン極合体 F,P,,,
PフィーバークィーンRUSH Y,P,,,
PフィーバークィーンⅡ,P,,,
PフィーバークィーンⅡ YS,P,,,
PフィーバークィーンⅡ30th ANNIVERSARY EDITION V,P,,,
Pフィーバーゴルゴ13 Light ver.(2022年),P,,,
Pフィーバーゴルゴ13 疾風Ver.,P,,,
Pフィーバーゴルゴ13 疾風マシンガンVer.,P,,,
Pフィーバースプラッシュ×スプラッシュ,P,,,
PフィーバータイガーマスクW Light ver.,P,,,
PフィーバータイガーマスクW R,P,,,
Pフィーバーダンジョンに出会いを求めるのは間違っているだろうか F,P,,,
Pフィーバーダンベル何キロ持てる? V,P,,,
Pフィーバートータル・イクリプス V,P,,,
PフィーバーパワフルⅢ-F,P,,,
PフィーバーマクロスΔ A,P,,,
PフィーバーマクロスΔ F,P,,,
PフィーバーマクロスΔ V-ラッシュver.,P,,,
Pフィーバーマクロスフロンティア4 A,P,,,
Pフィーバーマクロスフロンティア5 LT-Light ver.,P,,,
Pフィーバーマクロスフロンティア5 W,P,,,
Pフィーバー三国戦騎 7500,P,,,
Pフィーバー彼女、お借りします LT-Light ver.,P,,,
Pフィーバー戦姫絶唱シンフォギア LIGHT ver. 遊タイム付,P,,,
Pフィーバー戦姫絶唱シンフォギア2,P,,,
Pフィーバー戦姫絶唱シンフォギア2 1/230 ver.,P,,,
Pフィーバー戦姫絶唱シンフォギア2 1/77ver.,P,,,
Pフィーバー戦姫絶唱シンフォギア3 黄金絶唱 LIGHT ver.,P,,,
Pフィーバー戦姫絶唱シンフォギア3 黄金絶唱 N,P,,,
Pフィーバー戦姫絶唱シンフォギア4 199ver.,P,,,
Pフィーバー戦姫絶唱シンフォギア4 LT-Light ver.,P,,,
Pフィーバー戦姫絶唱シンフォギア4 Light ver.,P,,,
Pフィーバー機動戦士ガンダム 逆襲のシャア Z,P,,,
Pフィーバー機動戦士ガンダムSEED LT-Light ver.,P,,,
Pフィーバー機動戦士ガンダムSEED S,P,,,
Pフィーバー機動戦士ガンダムユニコーン b,P,,,
Pフィーバー機動戦士ガンダムユニコーン 再来 -白き一角獣と黒き獅子- S,P,,,
Pフィーバー機動戦士ガンダムユニコーン 再来 129ver.,P,,,
Pフィーバー機動戦士ガンダムユニコーン再来 129ver.,P,,,
Pフィーバー炎炎ノ消防隊 G,P,,,
Pフィーバー炎炎ノ消防隊 Light ver.,P,,,
Pフィーバー真花月2 夜桜バージョン,P,,,
Pフィーバー蒼穹のファフナー3 EXODDUS 織姫Light ver.,P,,,
Pフィーバー蒼穹のファフナー3 EXODUS 超蒼穹3800ver.,P,,,
Pフィーバー革命機ヴァルヴレイヴ2 Light ver.,P,,,
Pフィーバー革命機ヴァルヴレイヴ2 S,P,,,
Pフィーバー革命機ヴァルヴレイヴ2 カミツキver.,P,,,
Pフィーバー革命機ヴァルヴレイヴ3 Light ver.,P,,,
Pフィーバー革命機ヴァルヴレイヴ3 R,P,,,
Pブラックラグーン4 EXTRA BULLET 129ver.,P,,,
Pブラックラグーン4 GFPJ,P,,,
Pプロゴルファー猿 EMPEROR MODEL M4,P,,,
Pベルセルク無双 119ver.,P,,,
Pベルセルク無双 M-Z,P,,,
Pベルセルク無双 冥府魔道ver. M12-Z,P,,,
Pホームランキング 9AV2S,P,,,
Pホー助くん YKBU2,P,,,
Pポチッと一発!おだてブタ2 V1,P,,,
Pミニミニモンスター4 a,P,,,
Pミリオンゴッド-一撃- MH,P,,,
Pメイドインアビス 奈落の連環蝕 SL,P,,,
Pメイドインアビス 虹の黄金域 MR,P,,,
Pモモキュンソード GC250A,P,,,
Pモモキュンソード MC,P,,,
Pモモキュンソード 閃撃 GCA,P,,,
Pモモキュンソード 閃撃 MD,P,,,
PモンキーターンV MD,P,,,
PモンキーターンⅥ 超抜 ZDa,P,,,
Pモンスターハンター ダブルクロス SFB,P,,,
Pモンスターハンター ダブルクロス 連続狩猟ver.,P,,,
Pモンスターハンターライズ GRPG,P,,,
PヤッターマンVVV-YCE,P,,,
Pラブ嬢 ～極嬢のハーレム体験～ 129ver.,P,,,
Pラブ嬢 ～極嬢のハーレム体験～ H1YZ6,P,,,
Pラブ嬢～極嬢のハーレム体験～ H1YZ6,P,,,
Pリアル鬼ごっこ2 全力疾走チャージ王様ver.,P,,,
Pリアル鬼ごっこ2 全力疾走チャージ鬼Ver.,P,,,
Pリング バースデイ 呪いの始まり FRX設定付,P,,,
Pリング 呪いの7日間2 FSA,P,,,
Pリング 呪いの7日間2 JN,P,,,
Pリング 呪いの7日間3 JMA,P,,,
Pリング 呪いの7日間3 ラッキートリガーVer.,P,,,
Pリング 呪いの7日間3 甘デジver.,P,,,
Pルパン三世 2000カラットの涙 129Ver.,P,,,
Pルパン三世 2000カラットの涙 H1AZ2,P,,,
Pルパン三世 ONE COLLECTION 100ver.,P,,,
Pルパン三世 ONE COLLECTION H1YZ4,P,,,
Pルパン三世 THE FIRST 99ver.,P,,,
Pルパン三世 THE FIRST H1YZ1,P,,,
Pルパン三世 消されたルパン2022 99ver.,P,,,
Pルパン三世 消されたルパン2022 H1AZ1,P,,,
Pルパン三世 銭形からの招待状 77Sweet Ver.,P,,,
Pルパン三世 ～復活のマモー～ 2YZ7,P,,,
Pルパン三世 ～復活のマモー～ M1AY5Y,P,,,
Pルパン三世 ～復活のマモー～ 甘デジ,P,,,
Pルパン三世～神々への予告状～ 9AU1,P,,,
Pルパン三世～神々への予告状～ L9BW4S,P,,,
Pワイルドロデオ 6750だぜぇ S2,P,,,
Pワンパンマン 199ver.,P,,,
Pワンパンマン L3-MX,P,,,
Pヱヴァンゲリヲン13 プレミアムモデル,P,,,
P一球魂GOLDピラミッ伝 V1E,P,,,
P一騎当千SS斬 呂蒙Ver.,P,,,
P一騎当千SS斬 孫策Ver.,P,,,
P一騎当千サバイバルソルジャー 甘デジVer.,P,,,
P七つの大罪2 GFPA,P,,,
P七つの大罪2 神千斬りVER.,P,,,
P七つの美徳 ゴールデンエンジェルタイム V1G,P,,,
P七つの美徳 ゴールデンエンジェルタイム スイート99Ver.,P,,,
P世界でいちばん強くなりたい! MU,P,,,
P世界でいちばん強くなりたい! W悶STARver,P,,,
P世界最高の暗殺者、異世界貴族に転生する JMB,P,,,
P世紀末・天才バカボン～神SPEC 凱旋～ FM-JV,P,,,
P世紀末・天才バカボン～福神SPEC～ LTH-JH,P,,,
P中森明菜・歌姫伝説 THE BEST LEGEND 1/199ver,P,,,
P中森明菜・歌姫伝説 THE BEST LEGEND 1/99ver,P,,,
P中森明菜・歌姫伝説 THE BEST LEGEND4 LM-T,P,,,
P中森明菜・歌姫伝説～BLACK DIVA 愛～ KD-NS,P,,,
P中森明菜・歌姫伝説～BLACK DIVA 極～ KM-TF,P,,,
P乗物娘 WITH CYBERJAPAN(R) DANCERS M5-K1,P,,,
P乗物娘 with CYBER JAPAN DANCERS 2nd season LM3,P,,,
P亜人～衝戟に備えろ!～ 199ver.,P,,,
P亜人～衝戟の全突フルスペック!～ 319ver.,P,,,
P交響詩篇エウレカセブン ANEMONE SFPA,P,,,
P交響詩篇エウレカセブン HI-EVOLUTION ZERO SEJD,P,,,
P俺の妹がこんなに可愛いわけがない。 攻略!!スキップ159ver.,P,,,
P元祖ギンギラパラダイス HCB,P,,,
P元祖大工の源さん 199ver.,P,,,
P冴えない彼女の育てかた 99ver.,P,,,
P刀使ノ巫女 MHa,P,,,
P化物語 199ver.,P,,,
P化物語 319ver.,P,,,
P北斗の拳 強敵 LT SSPA,P,,,
P北斗の拳 暴凶星 SFPA,P,,,
P北斗の拳8 救世主 SFJE,P,,,
P北斗の拳8 究極乱世 SSF,P,,,
P北斗の拳8 覇王FQA,P,,,
P北斗の拳9 闘神 GFG,P,,,
P咲-Saki-全国編 HTG,P,,,
P咲-Saki-全国編 テンパイ即リーver.,P,,,
P哲也 AM-JV,P,,,
P地獄少女 Light,P,,,
P地獄少女 きくりのお祭りLIVE FWA,P,,,
P地獄少女 四 JG,P,,,
P地獄少女 華 FMB,P,,,
P地獄少女覚醒 3000Ver.,P,,,
P大工の源さん 超韋駄天 BLACK CS,P,,,
P大工の源さん 超韋駄天 LIGHT,P,,,
P大工の源さん 超韋駄天 YTA,P,,,
P大工の源さん超韋駄天2 極源LighT,P,,,
P大海物語4 スペシャル BLACK SCA,P,,,
P大海物語4 スペシャル E,P,,,
P大海物語4スペシャル BLACK SCA,P,,,
P大海物語4スペシャル E,P,,,
P大海物語5 MTE2,P,,,
P大海物語5 ブラック HCL,P,,,
P大海物語5スペシャル ALTA,P,,,
P大開王 X,P,,,
P天昇!姫相撲 大横綱ver,P,,,
P天龍∞2 V,P,,,
P学園黙示録HIGH SCHOOL OF THE DEAD 2 弾丸319Ver.,P,,,
P宇宙戦艦ヤマト2202 -ONLY ONE- LIGHT ver.,P,,,
P宇宙戦艦ヤマト2202 -ONLY ONE- R,P,,,
P宇宙戦艦ヤマト2202 愛の戦士たち Light ver.,P,,,
P宇宙戦艦ヤマト2202 愛の戦士たち bS,P,,,
P少女☆歌劇 レヴュースタァライト ラッキートリガー4500,P,,,
P巨人の星 一球入魂 3000,P,,,
P巨人の星～栄光の軌跡～ 連戦連勝version,P,,,
P弾球黙示録カイジ5 電撃チャージVer.A,P,,,
P弾球黙示録カイジ沼4 ざわ・・・Ver.,P,,,
P弾球黙示録カイジ沼5 V1U,P,,,
P弾球黙示録カイジ沼5 ざわっ・・・79Ver.,P,,,
P弾球黙示録カイジ沼４ カイジVer.,P,,,
P忍者ハットリくん～決戦!サイバーからくり城の巻～ 上忍ver.,P,,,
P忍者ハットリくん～決戦!サイバーからくり城の巻～ 中忍ver.,P,,,
P愛の不時着 MF,P,,,
P戦国BASARA L4-7V1,P,,,
P戦国†恋姫 Vチャージver JCC,P,,,
P戦国乙女 LEGEND BATTLE 99ver.,P,,,
P戦国乙女 LEGEND BATTLE M2AZ1Y,P,,,
P戦国乙女5 1/219～1/184ver.,P,,,
P戦国乙女5 9AU1,P,,,
P戦国乙女6 暁の関ヶ原 M2AZ1Y,P,,,
P戦国乙女6 暁の関ヶ原 甘デジ,P,,,
P戦国乙女7 終焉の関ケ原 99ver.,P,,,
P戦国乙女7 終焉の関ケ原 L9YY7,P,,,
P戦国乙女7 終焉の関ケ原 LLサイズ 299ver.,P,,,
P攻殻機動隊SAC_2045 199LTver.,P,,,
P攻殻機動隊SAC_2045 大入りLTver,P,,,
P新・遠山の金さん 77Ver.,P,,,
P新・遠山の金さん JQC,P,,,
P新世紀エヴァンゲリオン 決戦 ～真紅～ W,P,,,
P新世紀エヴァンゲリオン ～未来への咆哮～,P,,,
P新世紀エヴァンゲリオン ～未来への咆哮～ PREMIUM MODEL,P,,,
P新世紀エヴァンゲリオン ～未来への咆哮～ SPECIAL EDITION F,P,,,
P新世紀エヴァンゲリオン～シト、新生～ G,P,,,
P新世紀エヴァンゲリオン～シト、新生～ プレミアムモデル,P,,,
P新世紀エヴァンゲリオン～未来への咆哮～,P,,,
P新日本プロレスリング L6AU3S,P,,,
P新鬼武者 H1YZ3,P,,,
P新鬼武者 甘デジ,P,,,
P春一番～恋絵巻～ 199ver.,P,,,
P春夏秋冬 GLB,P,,,
P暴れん坊将軍 炎獄鬼神の怪 FW設定付,P,,,
P水戸黄門 超極上 らいとばーじょん,P,,,
P江頭2:50inナナシーLT V3,P,,,
P沖7 BLACK,P,,,
P沖ドキ!ドキドキ弾丸ツアー LG,P,,,
P海物語 極JAPAN HTH,P,,,
P清流物語4 ヌシを求めて4000匹 HLC,P,,,
P火曜サスペンス劇場3 最後の推理 GFC,P,,,
P炎のドラム魂 GA,P,,,
P烈火の炎3 H1AZ4,P,,,
P烈火の炎3 甘デジVer.,P,,,
P牙狼 月虹ノ旅人 MC,P,,,
P牙狼11～冴島大河～XX MU,P,,,
P牙狼GOLD IMPACT XX-MZ,P,,,
P牙狼MUSEUM MA,P,,,
P牙狼コレクション RJ,P,,,
P牙狼コレクション 遊タイムver.,P,,,
P牙狼月虹ノ旅人絆 GIGA GHOST ver.,P,,,
P犬夜叉2 FM-N,P,,,
P甲鉄城のカバネリ 319 覚醒Ver.,P,,,
P甲鉄城のカバネリ ～4000連激ver.～,P,,,
P異世界魔王と召喚少女の奴隷魔術 L3-X,P,,,
P痛いのは嫌なので防御力に極振りしたいと思います。 FHZ,P,,,
P痛いのは嫌なので防御力に極振りしたいと思います。 極振り129ver,P,,,
P百花繚乱 FM-JF,P,,,
P百花繚乱 ご奉仕129ver.,P,,,
P盾の勇者の成り上がり GFPC,P,,,
P真 黄門ちゃま 9YU1Y,P,,,
P真 黄門ちゃま H1AZ5,P,,,
P真シャカRUSH G,P,,,
P真バジリスク～甲賀忍法帖～ MQ,P,,,
P真バジリスク～甲賀忍法帖～豪塊W319ver.,P,,,
P真・一騎当千 FM-V,P,,,
P真・一騎当千 Light Ver.,P,,,
P真・一騎当千～桃園の誓い～ 199LTver.,P,,,
P真・一騎当千～桃園の誓い～ FM-JT,P,,,
P真・一騎当千～桃園の誓い～129ver.,P,,,
P真・北斗無双 Re:319ver.,P,,,
P真・北斗無双 第2章 頂上決戦Ver.,P,,,
P真・北斗無双 第3章 SFJ,P,,,
P真・北斗無双 第3章 ジャギの逆襲 GEE,P,,,
P真・北斗無双 第3章 覚醒闘舞 GCD,P,,,
P真・北斗無双 第4章 GFPH,P,,,
P真・北斗無双 第4章 下剋上闘 GRPJ,P,,,
P真・座頭市物語 DL-MX,P,,,
P真・怪獣王ゴジラ2 L2-K,P,,,
P真・暴れん坊将軍 双撃 FMG,P,,,
P真・牙狼 RS,P,,,
P真・牙狼2 RP,P,,,
P真・花の慶次2 漆黒の衝撃 EXTRA RUSH M3-VC,P,,,
P真・花の慶次3 -黄金一閃- TL5-MX,P,,,
P真・花の慶次3 99ver.,P,,,
P真・花の慶次3 L12-K,P,,,
P真・花の慶次3 黄金一閃 TL5-MX,P,,,
P真速のガッチャマン XINN,P,,,
P神・天才バカボン ～神 SPEC～,P,,,
P神・天才バカボン ～神 SPEC～ FN-F,P,,,
P神・天才バカボン～甘神SPEC～ FD-RS,P,,,
P神・天才バカボン～神SPEC～ FN-F,P,,,
P笑ゥせぇるすまん 最後の忠告 -今日のお客様はあなたです- MPY2,P,,,
P笑点 目指せ!座布団10枚 MU,P,,,
P結城友奈は勇者である ALL RUSH,P,,,
P結城友奈は勇者である MAa,P,,,
P絶超電役ドラドラ天国 2400,P,,,
P緋弾のアリア ～緋緋神降臨～ 199Ver.,P,,,
P緋弾のアリア ～緋緋神降臨～ 88Ver.,P,,,
P緋弾のアリア ～緋緋神降臨～ ラッキートリガーVer.,P,,,
P緋弾のアリア～緋弾覚醒編～ 319Ver.,P,,,
P緋弾のアリア～緋弾覚醒編～ FVA,P,,,
P織田信奈の野望 全国版 MGa,P,,,
P義風堂々!!～兼続と慶次～ M3-X,P,,,
P義風堂々!!～兼続と慶次～ M6-X,P,,,
P義風堂々!!～兼続と慶次～ N-X,P,,,
P義風堂々!!～兼続と慶次～3 199ver.,P,,,
P羽根モノ スカイレーサー DX,P,,,
P聖戦士ダンバイン2 -ZEROLIMIT HYPER- HSFJA,P,,,
P聖闘士星矢 超流星 LIGHT,P,,,
P聖闘士星矢 超流星 女神ゴールドver. 1500,P,,,
P聖闘士星矢 超流星 星矢ゴールドver. 92%,P,,,
P花の慶次 裂 蓮極129ver.,P,,,
P花の慶次～傾奇一転 L-MX,P,,,
P花の慶次～蓮 L16-V,P,,,
P花の慶次～蓮 M-V YT550,P,,,
P花満開 月光 THE FINAL,P,,,
P花満開 月光 THE FINAL ZC,P,,,
P華牌R～猿渡翔がローズテイルにやってきた～ Y2F,P,,,
P蒼天の拳 双龍 SFG,P,,,
P蒼天の拳 天刻 GEA,P,,,
P覇穹 封神演義 DL3-MX,P,,,
P豊丸ととある企業の最新作2 SOD 99ver.,P,,,
P貞子 FMD,P,,,
P貞子3D 2～呪われた12時間～ S2B,P,,,
P貞子3D3 V1B,P,,,
P貞子vs伽椰子 頂上決戦 FUZ,P,,,
P転生したらスライムだった件 129ver.,P,,,
P転生したらスライムだった件 NB,P,,,
P遠山の金さん2 遠山桜と華の密偵 JUD,P,,,
P野生の王国GO 99ver.,P,,,
P野生の王国GO M-T YT800,P,,,
P鉄拳 極,P,,,
P銀河鉄道999 GOLDEN 甘デジ,P,,,
P銀河鉄道999 Next Journey 1/100Ver.,P,,,
P銀河鉄道999 Next Journey H1AZ3,P,,,
P銀河鉄道999 PREMIUM H1AU6,P,,,
P銭形平次2 V2L,P,,,
P銭形平次3 DENKOUSEKKA 平次Ver.,P,,,
P銭形平次3 お静99,P,,,
P閃乱カグラ 189大入りver.,P,,,
P闘将覇伝 HSJ-W,P,,,
P頭文字D 2nd GFPG,P,,,
P頭文字D Non-Stop 3000Edition GRPE,P,,,
P頭文字D SEJG,P,,,
P魔法少女まどか☆マギカ3 LM3,P,,,
P魔法少女リリカルなのは 2人の絆 XCB,P,,,
P魔王学院の不適合者 FMY,P,,,
P鳳凰∞ 2,P,,,
P麻雀物語4 77ver.,P,,,
P麻雀物語4 M1AU1Y,P,,,
P黄門ちゃま寿限無 99ver.,P,,,
P黄門ちゃま寿限無 LLサイズ 259ver.,P,,,
P黄門ちゃま神盛2 L9AZ1,P,,,
Re:ゼロから始める異世界生活 鬼がかりver.,P,,,
e GODZILLA7 TYPE-CRASH,P,,,
e RAVE 覚聖ループ JMC,P,,,
e Re:ゼロから始める異世界生活 season2 M13,P,,,
e ULTRAMAN 2400★80,P,,,
e ULTRAMAN 4500超ライト,P,,,
e アズールレーン2 THE ANIMATION 超次元 K6,P,,,
e ゴジラ対エヴァンゲリオン セカンドインパクト G～破壊神覚醒～ bA,P,,,
e ゴジラ対エヴァンゲリオン2 超デカゴールド,P,,,
e シン・ウルトラマン K3,P,,,
e スマパチ SSSS.GRIDMAN XVSM,P,,,
e スマパチ SSSS.GRIDMAN メガSTART 159ver.,P,,,
e スマパチ シン・エヴァンゲリオン Type ゲンドウ,P,,,
e ソードアート・オンライン 閃光の軌跡 99Ver.,P,,,
e ソードアート・オンライン 閃光の軌跡 K7,P,,,
e ノーゲーム・ノーライフ 199Ver.,P,,,
e ノーゲーム・ノーライフ 319Ver.,P,,,
e バイオハザード6 APN,P,,,
e ベルセルク無双 第2章 H3,P,,,
e マギアレコード 魔法少女まどか☆マギカ外伝 KRJ1,P,,,
e 乃木坂46 Ⅱ K4,P,,,
e 乃木坂46 Ⅱ SWEET Version,P,,,
e 仮面ライダーBLACK KRJ2,P,,,
e 仮面ライダー電王 KL12,P,,,
e 仮面ライダー電王 デカヘソ239,P,,,
e 化物語 鬼99ver.,P,,,
e 北斗の拳11 暴凶星 SHEF,P,,,
e 学園黙示録ハイスクール・オブ・ザ・デッド3 V1A,P,,,
e 新・必殺仕置人S 超斬撃99,P,,,
e 新世紀エヴァンゲリオン ～はじまりの記憶～ R,P,,,
e 東京喰種 W,P,,,
e 東京喰種 超デカ 超一撃 ver.,P,,,
e 犬夜叉3.0 LTM-TS,P,,,
e 甲鉄城のカバネリ2 咲かせや燦然 GFEA,P,,,
e 盾の勇者の成り上がり アルティメット199ver.,P,,,
e 真・北斗無双 第5章 夢幻闘双 SCEA,P,,,
e 終末のワルキューレ EREA,P,,,
e 聖戦士ダンバイン3 ZEROSONIC GREA,P,,,
e 魔法少女まどか☆マギカ3 時間遡行～始まりの願い～ LPM1,P,,,
e86-エイティシックス- MAM2,P,,,
eうしおととら～神のせSPEC～ 150ver.,P,,,
eとある科学の超電磁砲 PHASE NEXT LT RSY,P,,,
eとある科学の超電磁砲 PHASE NEXT LTRSY,P,,,
eぱちんこ 新・必殺仕置人S 激闘K6,P,,,
eぱちんこ押忍!番長 漢の頂 L09,P,,,
eひきこまり吸血姫の悶々 FHV,P,,,
eまわるん超ワープ ギンギラパラダイス VIVA FESTA HTA2,P,,,
eようこそ実力至上主義の教室へ MA,P,,,
eアクダマドライブ EHLT,P,,,
eカケグルイ 7500ver,P,,,
eガールズ＆パンツァー 最終章 LAH1,P,,,
eキャッツ・アイ H4YZ3,P,,,
eキョンシー ライトミドル 新CタイムVer.,P,,,
eゴッドイーター TRIPLE BURST MJ,P,,,
eシャーマンキング MH,P,,,
eシャーマンキング でっけぇえなver.,P,,,
eスマパチ シン・エヴァンゲリオン Type カヲル,P,,,
eスマパチ フィーバーマクロスフロンティア5 V,P,,,
eスマートぱちんこ ソードアート・オンライン K12,P,,,
eソードアート・オンライン オルタナティブ ガンゲイル・オンライン M08,P,,,
eパリピ孔明 NB,P,,,
eフィーバー デッドマウント・デスプレイ 魂神9000,P,,,
eフィーバーBASTARD!! -暗黒の破壊神- G,P,,,
eフィーバーうたわれるもの Z,P,,,
eフィーバーからくりサーカス2 魔王ver.,P,,,
eフィーバーもののがたり F,P,,,
eフィーバーキン肉マン,P,,,
eフィーバーダンジョンに出会いを求めるのは間違っているだろうか2 G,P,,,
eフィーバーダンベル何キロ持てる？2 F,P,,,
eフィーバーブルーロック MZ,P,,,
eフィーバー彼女、お借りします H,P,,,
eフィーバー戦姫絶唱シンフォギア4 キャロルver.,P,,,
eフィーバー機動戦士ガンダムユニコーン 再来 -白き一角獣と黒き獅子- R,P,,,
eフィーバー炎炎ノ消防隊2 シンラver.,P,,,
eフィーバー炎炎ノ消防隊2 紅丸ver.,P,,,
eライザのアトリエ 常闇の女王と秘密の隠れ家 K3,P,,,
eラグナドール 妖しき皇帝と終焉の夜叉姫 CMB,P,,,
eリコリス・リコイル M3,P,,,
eリング 最恐領域 RHA,P,,,
eルパン三世 ONE COLLECTION 超ブチヌキLT ver.,P,,,
eルパン三世 THE FIRST H4YZ3,P,,,
eルパン三世 銭形からの招待状 H4YZ6,P,,,
eルパン三世VSキャッツ・アイ 157ver. 極限突破ブッた斬り7500,P,,,
eルパン三世VSキャッツ・アイ MAH4,P,,,
eワンパンマン2～正義執行 LM10,P,,,
e一方通行 とある魔術の禁書目録 JKZ,P,,,
e冒険島 EHLC2,P,,,
e冥妃転生 CMP,P,,,
e冴えない彼女の育てかた LX04,P,,,
e北斗の拳10 GHEG,P,,,
e吉宗 極乗3000ver.,P,,,
e地獄少女 7500Ver.,P,,,
e大工の源さん超韋駄天2 フルスイングLT,P,,,
e大海物語5スペシャル ELTA4,P,,,
e女神のカフェテラス FLX,P,,,
e女神のカフェテラス JLZ,P,,,
e新・必殺仕置人 超斬撃199,P,,,
e新海物語349 ELTH,P,,,
e東京リベンジャーズ GFEC,P,,,
e源外伝 EPISODE OF -大龍- EHLG,P,,,
e牙狼 神速神撃3000LT,P,,,
e牙狼11～冴島大河～ 魔戒BURST Ver.,P,,,
e牙狼12黄金騎士極限 XX-MJ,P,,,
e異世界でチート能力を手にした俺は現実世界をも無双する ～レベルアップは人生を変えた～ FSZ,P,,,
e真・一騎当千～軍神覚醒～ 319大入りver.,P,,,
e真・北斗無双 第5章 ドデカSTART,P,,,
e範馬刃牙 199ver.,P,,,
e範馬刃牙 XAM2,P,,,
e義風堂々!!～兼続と慶次～3 DM5-S,P,,,
e聖闘士星矢 超流星CliMAX349 EHTA,P,,,
e花の慶次 裂 一刀両断 DL2-MX,P,,,
e花の慶次～傾奇一転 L2-MX,P,,,
e花の慶次～黄金の一撃 H4,P,,,
e蒼天の拳 羅龍 SREN,P,,,
e転生したらスライムだった件2 MF,P,,,
e閃乱カグラ LTM-JF,P,,,
e黄門ちゃま寿限無 LLサイズ 9HC3,P,,,
ぱちんこCR一騎当千サバイバルソルジャー 319Ver.,P,,,
ぱちんこCR偽物語 199Ver.,P,,,
ぱちんこCR北斗の拳6 天翔百裂 FTB,P,,,
ぱちんこCR真・北斗無双 FWN,P,,,
ぱちんこCR真・北斗無双 夢幻闘乱 SWA,P,,,
ぱちんこCR聖戦士ダンバイン EWNB,P,,,
ぱちんこCR聖戦士ダンバイン FWN,P,,,
ぱちんこCR蒼天の拳～天帰～ FWG,P,,,
アマデジPA笑ゥせぇるすまん ドーンといきまSHOW,P,,,
キュインぱちんこ P南国育ち デカパトver.,P,,,
キュインぱちんこ P南国育ち デカパトver. 甘デジ,P,,,
デカスタP STEINS；GATE 0 まゆしぃば～じょん,P,,,
デカスタPデビルマン THE FINAL 179ver.,P,,,
デカスタP戦国無双 100ver.,P,,,
デカスタP戦国無双 HM3,P,,,
デカスタe花の慶次～傾奇一転 H6,P,,,
デジハネCRA聖戦士ダンバイン デジハネver.,P,,,
デジハネCR北斗の拳6 慈母 STD,P,,,
デジハネP 頭文字D せかんど GCPC,P,,,
デジハネP<物語>シリーズ セカンドシーズン GSA,P,,,
デジハネPA<物語>シリーズ セカンドシーズン GSA,P,,,
デジハネPA交響詩篇エウレカセブン HI-EVOLUTION ZERO,P,,,
デジハネPA真・北斗無双 第2章 連撃Edition,P,,,
デジハネPあの日見た花の名前を僕達はまだ知らない。 GSC,P,,,
デジハネPモンスターハンターライズ GSPB,P,,,
デジハネP七つの大罪 エリザベスver.,P,,,
デジハネP交響詩篇エウレカセブン ANEMONE 99ver.,P,,,
デジハネP北斗の拳 慈母 SSPC,P,,,
デジハネP聖戦士ダンバイン2 ZEROSONIC,P,,,
パチンコCRクイーンズブレイド2 レイナ,P,,,
パチンコCR弾球黙示録カイジ沼3 利根川Ver.,P,,,
遊moreLT PエガブレイブVVV AX4,P,,,
A-SLOTツインエンジェルBREAK,S,,,
BIG島唄-30,S,,,
BLACK LAGOON ZERO bullet MAX,S,,,
BLACK LAGOON2,S,,,
BLACK LAGOON4,S,,,
CCエンジェル(2021年),S,,,
CREA Newクレアの秘宝伝,S,,,
GⅠ優駿倶楽部,S,,,
GⅠ優駿倶楽部3,S,,,
HIT128,S,,,
L A-SLOT+ この素晴らしい世界に祝福を!,S,,,
L A-SLOT+ ディスクアップ ULTRAREMIX,S,,,
L D4DJ Pachi-Slot Mix,S,,,
L GⅠ優駿倶楽部黄金,S,,,
L HEY!エリートサラリーマン鏡,S,,,
L Sister Quest(2025年),S,,,
L Sky Love,S,,,
L ToLOVEるダークネス,S,,,
L ToLOVEるダークネス TRANCE ver.8.7,S,,,
L ULTRAMAN,S,,,
L にゃんこ大戦争 超神速,S,,,
L ひぐらしのなく頃に 業,S,,,
L アカメが斬る!2,S,,,
L アズールレーン THE ANIMATION,S,,,
L ウルトラマンティガ,S,,,
L エヴァンゲリオン ～未来への創造～,S,,,
L サラリーマン金太郎(2025年),S,,,
L スマスロ デビル メイ クライ 5 スタイリッシュトライブ,S,,,
L スマスロ バイオハザード5(2025年),S,,,
L スマスロバジリスク～甲賀忍法帖～絆2 天膳 BLACK EDITION,S,,,
L ダーリン・イン・ザ・フランキス,S,,,
L ベルセルク無双,S,,,
L リングにかけろ1 V,S,,,
L 仮面ライダー 7RIDERS,S,,,
L 仮面ライダー電王,S,,,
L 新・必殺仕置人 回胴 CRASH SPEC,S,,,
L 東京喰種,S,,,
L 無職転生 ～異世界行ったら本気だす～,S,,,
L 犬夜叉2,S,,,
L 真・一騎当千,S,,,
L 絶対衝激Ⅳ,S,,,
L 絶対衝激～PLATONIC HEART～,S,,,
L 荒野のコトブキ飛行隊,S,,,
L009 RE:CYBORG,S,,,
LB A-SLOT+ 異世界かるてっと BT,S,,,
LB SHAKE BONUS TRIGGER,S,,,
LBアレックス ブライト,S,,,
LBクレアの秘宝伝 ～はじまりの扉と太陽の石～ ボーナストリガーver.,S,,,
LBスマスロ サンダーV(2026年),S,,,
LBスマスロニューパルサーBT,S,,,
LBスマート沖スロ ニューキングハナハナV,S,,,
LBスロットGALFY,S,,,
LBパチスロ ヱヴァンゲリヲン ～約束の扉～,S,,,
LBパチスロ1000ちゃんA,S,,,
LBプレミアムうまい棒,S,,,
LBマジカルハロウィン ボーナストリガー,S,,,
LBマタドールⅢ,S,,,
LB不二子BT,S,,,
LB翔べ!ハーレムエース,S,,,
Lucky 海物語,S,,,
Lいざ!番長,S,,,
Lうしおととら白面決戦VH,S,,,
Lうる星やつら(2024年),S,,,
Lてぃだどんどん,S,,,
Lぱちスロ にゃんこ大戦争 BIGBANG,S,,,
Lぱちスロ 乃木坂46,S,,,
Lわたしの幸せな結婚,S,,,
Lアクダマドライブ,S,,,
Lアニマルスロットドッチ,S,,,
Lゴジラ(2025年),S,,,
Lゴジラ対エヴァンゲリオン,S,,,
Lゴブリンスレイヤー,S,,,
Lストライクウィッチーズ2,S,,,
Lスマスロ BIRDIE WING -Golf Girls’ Story-,S,,,
Lスマスロ とある科学の超電磁砲2,S,,,
Lスマスロ ようこそ実力至上主義の教室へ,S,,,
Lスマスロ アイドルマスター ミリオンライブ! ネクストプロローグ,S,,,
Lスマスロ ギルティクラウン2,S,,,
Lスマスロ ゲゲゲの鬼太郎 覚醒,S,,,
Lスマスロ コードギアス 反逆のルルーシュ/復活のルルーシュ,S,,,
Lスマスロ ゴッドイーター リザレクション,S,,,
Lスマスロ ゴブリンスレイヤーⅡ,S,,,
Lスマスロ ゴールデンカムイ,S,,,
Lスマスロ シャーマンキング,S,,,
Lスマスロ ストライク・ザ・ブラッド,S,,,
Lスマスロ ストリートファイターV 挑戦者の道,S,,,
Lスマスロ スーパーリオエース2,S,,,
Lスマスロ トロピカーナ(2024年),S,,,
Lスマスロ ドルアーガの塔,S,,,
Lスマスロ ハナビ(2026年),S,,,
Lスマスロ バイオハザード:ヴィレッジ,S,,,
Lスマスロ バイオハザード:ヴェンデッタ,S,,,
Lスマスロ バイオハザードRE:3,S,,,
Lスマスロ バベル(2025年),S,,,
Lスマスロ ビッグドリーム THE GOLDEN PUSHER,S,,,
Lスマスロ マギアレコード 魔法少女まどか☆マギカ外伝,S,,,
Lスマスロ ミリオンゴッド-神々の軌跡-,S,,,
Lスマスロ モンスターハンターライズ,S,,,
Lスマスロ 一方通行 とある魔術の禁書目録,S,,,
Lスマスロ 化物語,S,,,
Lスマスロ 北斗の拳 転生の章2,S,,,
Lスマスロ 戦国BASARA GIGA,S,,,
Lスマスロ 攻殻機動隊(2026年),S,,,
Lスマスロ 新鬼武者3,S,,,
Lスマスロ 東京リベンジャーズ,S,,,
Lスマスロ 沖ドキ!DUO アンコール,S,,,
Lスマスロ 甲鉄城のカバネリ 海門決戦,S,,,
Lスマスロ 秘宝伝(2025年),S,,,
Lスマスロ 緑ドン VIVA!情熱南米編 REVIVAL,S,,,
Lスマスロ 聖戦士ダンバイン,S,,,
Lスマスロ 鬼武者3(2024年),S,,,
Lスマスロとある魔術の禁書目録,S,,,
Lスマスロキングパルサー,S,,,
Lスマスロキン肉マン～7人の悪魔超人編～,S,,,
Lスマスロスーパーブラックジャック(2025年),S,,,
Lスマスロネオプラネット,S,,,
LスマスロモンキーターンⅤ,S,,,
Lスマスロヨルムンガンド,S,,,
Lスマスロリノヘブン,S,,,
Lスマスロ交響詩篇エウレカセブン4 HI-EVOLUTION,S,,,
Lスマスロ劇場版 魔法少女まどか☆マギカ[前編]始まりの物語／[後編]永遠の物語f-フォルテ-,S,,,
Lスマスロ北斗の拳,S,,,
Lスマスロ痛いのは嫌なので防御力に極振りしたいと思います。,S,,,
Lスマスロ真・北斗無双(2024年),S,,,
Lスマスロ転生したらスライムだった件,S,,,
Lスマスロ鉄拳6,S,,,
Lスマスロ頭文字D 2nd,S,,,
Lスマート沖スロ アメイジングライブ,S,,,
Lスマート沖スロ スターハナハナ,S,,,
Lスマート沖スロ ドラゴンハナハナ～閃光～,S,,,
Lスマート沖スロ 超華祭,S,,,
Lスロット Re:ゼロから始める異世界生活 season2,S,,,
Lスロット ソードアート・オンライン,S,,,
Lスロット ソードアート・オンラインⅡ,S,,,
Lスロット ゾンビランドサガ,S,,,
Lスロット 冴えない彼女の育てかた,S,,,
Lスーパービンゴネオ(2024年),S,,,
Lタクトオーパス デスティニー,S,,,
Lダブルアタック2 withOZS-1000＆RAPHAEL,S,,,
Lチバリヨ2,S,,,
Lチバリヨ2プラス,S,,,
Lバキ 強くなりたくば喰らえ!!!,S,,,
Lバンドリ!,S,,,
Lバーニングエクスプレス,S,,,
Lパチスロ ありふれた職業で世界最強,S,,,
Lパチスロ かぐや様は告らせたい,S,,,
Lパチスロ からくりサーカス,S,,,
Lパチスロ ケンガンアシュラ,S,,,
Lパチスロ シン・エヴァンゲリオン,S,,,
Lパチスロ ダンベル何キロ持てる?,S,,,
Lパチスロ マクロスフロンティア4,S,,,
Lパチスロ 戦姫絶唱シンフォギア 正義の歌,S,,,
Lパチスロ 機動戦士ガンダムSEED,S,,,
Lパチスロ 機動戦士ガンダムユニコーン 覚醒DRIVE,S,,,
Lパチスロ 炎炎ノ消防隊(2024年),S,,,
Lパチスロ 炎炎ノ消防隊2,S,,,
Lパチスロ 転生したら剣でした,S,,,
Lパチスロ 革命機ヴァルヴレイヴ,S,,,
Lパチスロ 革命機ヴァルヴレイヴ2,S,,,
Lパチスロうみねこのなく頃に2,S,,,
Lパチスロガールズ＆パンツァー 最終章,S,,,
Lパチスロ閃乱カグラ2 SHINOVI MASTER,S,,,
Lプリズムナナ(2025年),S,,,
Lマジカルハロウィン8,S,,,
Lラブ嬢3～Wご指名はいかがですか?～,S,,,
Lルパン三世 大航海者の秘宝,S,,,
Lワンパンマン,S,,,
L七つの魔剣が支配する,S,,,
L主役は銭形4,S,,,
L主役は銭形5,S,,,
L今日から俺は!! パチスロ編,S,,,
L南国育ち(2024年),S,,,
L吉宗(2025年),S,,,
L吉宗RISING,S,,,
L咲-Saki- 頂上決戦,S,,,
L回胴黙示録カイジ 狂宴,S,,,
L大工の源さん 超夢源,S,,,
L少女☆歌劇 レヴュースタァライト -The SLOT-,S,,,
L島娘(2025年),S,,,
L忍魂参 ～奥義皆伝ノ章～,S,,,
L戦国コレクション5超極楽LOOP,S,,,
L戦国乙女4 戦乱に閃く炯眼の軍師,S,,,
L戦国乙女5 業火を穿つ宿焔の双刃,S,,,
L押忍!番長4,S,,,
L桃太郎電鉄 ～パチスロも定番!～,S,,,
L真打 吉宗,S,,,
L範馬刃牙,S,,,
L聖闘士星矢 海皇覚醒 CUSTOM EDITION,S,,,
L花の慶次～佐渡攻めの章～,S,,,
L花笠,S,,,
L虚構推理,S,,,
L賞金首Angel,S,,,
L銀河英雄伝説 Die Neue These,S,,,
L防空少女ラブキューレ2～極限の共鳴～,S,,,
L麻雀格闘倶楽部 覚醒,S,,,
L麻雀物語(2025年),S,,,
OVER-SLOT AINZ OOAL GOWN絶対支配者光臨,S,,,
PYRAMID EYE,S,,,
Re:ゼロから始める異世界生活 Apex Vacation,S,,,
SBニューキングハナハナV-30,S,,,
SLOT STEINS；GATE,S,,,
SLOTえとたま,S,,,
SLOTとある科学の超電磁砲,S,,,
SLOTアカギ～闇に降り立った天才～,S,,,
SLOTアルドノア・ゼロ,S,,,
SLOTギルティクラウン,S,,,
SLOTタブー・タトゥー,S,,,
SLOTデビルマンχ,S,,,
SLOTドルアーガの塔,S,,,
SLOTバジリスク～甲賀忍法帖～Ⅲ,S,,,
SLOTバジリスク～甲賀忍法帖～絆2,S,,,
SLOTマッピー,S,,,
SLOTメイドインアビス,S,,,
SLOT劇場版魔法少女まどか☆マギカ [新編] 叛逆の物語,S,,,
SLOT劇場版魔法少女まどか☆マギカ[前編]始まりの物語／[後編]永遠の物語,S,,,
SLOT忍者じゃじゃ丸くん,S,,,
SLOT魔法少女まどか☆マギカ,S,,,
SLOT魔法少女まどか☆マギカ2,S,,,
いろはに愛姫,S,,,
ご～やちゃんぷる～-25,S,,,
ご～やちゃんぷる～-30,S,,,
ぱちすろ けものフレンズ,S,,,
ぱちスロ ウルトラセブン(2017年),S,,,
ぱちスロ ウルトラマンタロウ 暴君SPEC,S,,,
ぱちスロ ギャグダー,S,,,
ぱちスロ 沖ハナ-30,S,,,
みうのおしゃべりパチスロ,S,,,
もっと!チバリヨ-25,S,,,
もっと!チバリヨ-30(2022年),S,,,
もっと！クレアの秘宝伝～女神の歌声と太陽の子供達～,S,,,
もっと！チバリヨ-30(2022年),S,,,
やじきた道中記乙,S,,,
アイムジャグラーEX AnniversaryEdition,S,,,
アイムジャグラーEX(2017年),S,,,
アイムジャグラーEX(2020年),S,,,
アオハル♪操 A-LIVE,S,,,
アカメが斬る!,S,,,
アナザーゴッドハーデス-奪われたZEUSver.-,S,,,
アナザーゴッドハーデス-解き放たれし槍撃ver.-,S,,,
アナターのオット!?はーです,S,,,
アバサー,S,,,
アバサー30,S,,,
アレックス(2018年),S,,,
ウルトラちゃぶ台返し,S,,,
ウルトラミラクルジャグラー,S,,,
エヴァンゲリオン フェスティバル,S,,,
カードバトルパチスロ ガンダム クロスオーバー,S,,,
ガールズ＆パンツァー 劇場版,S,,,
キャッツ・アイ(2022年),S,,,
キングクリエーター30,S,,,
キングハナハナ-30(2023年),S,,,
クランキークレスト,S,,,
クレアの秘宝伝 女神の夢と魔法の遺跡,S,,,
クレアの秘宝伝 ～眠りの塔とめざめの石～,S,,,
グレートキングハナハナ,S,,,
グレートキングハナハナ-30,S,,,
ゴーゴージャグラー(2015年),S,,,
ゴーゴージャグラー2,S,,,
ゴーゴージャグラー3,S,,,
サラリーマン金太郎 出世回胴編,S,,,
サンダーVライトニング,S,,,
シャア専用パチスロ 逆襲の赤い彗星,S,,,
シリウス,S,,,
シンデレラブレイド4,S,,,
ジャグラーガールズ,S,,,
ジャグラーガールズSS,S,,,
スカイガールズ～ゼロノツバサ～,S,,,
スターハナハナ-30,S,,,
スターパルサー,S,,,
スナイパイ71,S,,,
スロット 吉宗3,S,,,
スロドル,S,,,
スーハナライジング-30,S,,,
スーパーハナハナ-30(2021年),S,,,
スーパーハナハナ2-30,S,,,
スーパービンゴギャラクシー,S,,,
スーパービンゴネオ,S,,,
スーパービンゴネオ-30,S,,,
スーパービンゴネオクラシック,S,,,
スーパービンゴネオクラシック-30,S,,,
スーパーミラクルジャグラー,S,,,
スーパーリオエース,S,,,
スーパーリノMAX,S,,,
スーパーリノSP,S,,,
スーパー海物語 IN JAPAN祭,S,,,
チバリヨ(2022年),S,,,
チバリヨ-30(2021年),S,,,
ツインドラゴンハナハナ-30,S,,,
ドラゴンハナハナ～閃光～-30,S,,,
ドリームクルーン2,S,,,
ドリームハナハナ-30,S,,,
ニューアイムジャグラーEX,S,,,
ニューアイムジャグラーEX(2014年),S,,,
ニューアイムジャグラーEX(2016年),S,,,
ニューキングハナハナ-30,S,,,
ニューゲッターマウス,S,,,
ニューハナハナゴールド-30,S,,,
ニューパルサーDXⅢ,S,,,
ニューパルサーSP4 with 太鼓の達人,S,,,
ニューパルサーSPⅢ,S,,,
ネオアイムジャグラーEX,S,,,
ノーゲーム・ノーライフ THE SLOT,S,,,
ハイスクールD×D2 ハーレム王に俺はなる,S,,,
ハイハイシオサイ2,S,,,
ハイパーブラックジャック,S,,,
ハイビリターン-30,S,,,
ハッピージャグラーVⅡ,S,,,
ハッピージャグラーVⅢ,S,,,
ハナハナホウオウ-30,S,,,
ハナハナホウオウ～天翔～,S,,,
ハナハナホウオウ～天翔～-30,S,,,
ハナビ(2015年),S,,,
バイオハザードリベレーションズ,S,,,
バジリスク～甲賀忍法帖～絆,S,,,
バハマ30(2024年),S,,,
バーサス(2016年),S,,,
バーサスリヴァイズ,S,,,
パチスロ Angel Beats!,S,,,
パチスロ BIOHAZARD 7 resident evil,S,,,
パチスロ BLOOD+ 二人の女王,S,,,
パチスロ BOOWY,S,,,
パチスロ KING黄門ちゃま,S,,,
パチスロ TIGER&BUNNY SP,S,,,
パチスロ TIGER＆BUNNY,S,,,
"パチスロ Wake Up, Girls! Seven Memories",S,,,
パチスロ うしおととら 雷槍一閃,S,,,
パチスロ かまいたちの夜,S,,,
パチスロ この素晴らしい世界に祝福を!,S,,,
パチスロ アイドルマスター ミリオンライブ!,S,,,
パチスロ アクエリオン ALL STARS,S,,,
パチスロ アラジンAⅡ,S,,,
パチスロ エウレカセブンAO,S,,,
パチスロ ガメラ(2021年),S,,,
パチスロ ガメラ2,S,,,
パチスロ ガールフレンド(仮)～聖櫻学園メモリアル～,S,,,
パチスロ ケロット3,S,,,
パチスロ ケロット4,S,,,
パチスロ コードギアス 反逆のルルーシュ3,S,,,
パチスロ コードギアス 反逆のルルーシュR2,S,,,
パチスロ ゴッドイーター,S,,,
パチスロ ゴッドイーター ジ・アニメーション,S,,,
パチスロ サクラ大戦～熱き血潮に～,S,,,
パチスロ サラリーマン金太郎～MAX～,S,,,
パチスロ セイクリッドセブン,S,,,
パチスロ ゼーガペイン2,S,,,
パチスロ ダンまち外伝 ソード・オラトリア,S,,,
パチスロ ダンジョンに出会いを求めるのは間違っているだろうか2,S,,,
パチスロ ツインエンジェルPARTY,S,,,
パチスロ ディスクアップ,S,,,
パチスロ ディスクアップ2,S,,,
パチスロ デビル メイ クライ5,S,,,
パチスロ トータル・イクリプス,S,,,
パチスロ トータル・イクリプス2,S,,,
パチスロ ドリフターズ,S,,,
パチスロ バイオハザード RE:2,S,,,
パチスロ ピンクパンサーSP,S,,,
パチスロ ファイヤードリフト,S,,,
パチスロ ファンタシースターオンライン2,S,,,
パチスロ フレームアームズ・ガール,S,,,
パチスロ マクロスデルタ,S,,,
パチスロ マクロスフロンティア2,S,,,
パチスロ マクロスフロンティア3,S,,,
パチスロ モンキーターンⅡ,S,,,
パチスロ モンキーターンⅣ,S,,,
パチスロ モンスターハンター 月下雷鳴,S,,,
パチスロ モンスターハンター:ワールド,S,,,
パチスロ モンスターハンター:ワールド 黄金狩猟,S,,,
パチスロ モンスターハンターワールド:アイスボーン,S,,,
パチスロ モンスターハンター～狂竜戦線～,S,,,
パチスロ ヤッターマン 絶対正義,S,,,
パチスロ ラブ嬢,S,,,
パチスロ ラブ嬢Ⅱ,S,,,
パチスロ ラブ嬢Ⅱ+,S,,,
パチスロ リング 呪いの7日間,S,,,
パチスロ リング 終焉ノ刻,S,,,
パチスロ リング 運命の秒刻,S,,,
パチスロ リングにかけろ1 ワールドチャンピオンカーニバル編,S,,,
パチスロ ルパン三世(2022年),S,,,
パチスロ ルパン三世～イタリアの夢～,S,,,
パチスロ ロリクラほーるど!,S,,,
パチスロ 七つの大罪,S,,,
パチスロ 亜人,S,,,
パチスロ 交響詩篇エウレカセブン2,S,,,
パチスロ 偽物語,S,,,
パチスロ 化物語,S,,,
パチスロ 北斗の拳 修羅の国篇,S,,,
パチスロ 咲-Saki-,S,,,
パチスロ 哲也 -天運地力-,S,,,
パチスロ 地獄少女 あとはあなたが決めることよ,S,,,
パチスロ 地獄少女 宵伽,S,,,
パチスロ 天元突破グレンラガン,S,,,
パチスロ 学園黙示録HIGHSCHOOL OF THE DEAD GOLD,S,,,
パチスロ 戦国†恋姫,S,,,
パチスロ 戦国乙女 暁の関ケ原 DARKNESS,S,,,
パチスロ 戦姫絶唱シンフォギア,S,,,
パチスロ 戦姫絶唱シンフォギア 勇気の歌,S,,,
パチスロ 探偵オペラ ミルキィホームズR 大収穫祭!!!!,S,,,
パチスロ 新鬼武者(2020年),S,,,
パチスロ 新鬼武者2,S,,,
パチスロ 春一番,S,,,
パチスロ 月華 雅,S,,,
パチスロ 東京レイヴンズ,S,,,
パチスロ 楽園追放,S,,,
パチスロ 涼宮ハルヒの憂鬱,S,,,
パチスロ 炎炎ノ消防隊,S,,,
パチスロ 牙狼-守りし者-,S,,,
パチスロ 犬夜叉(2022年),S,,,
パチスロ 甲鉄城のカバネリ,S,,,
パチスロ 百花繚乱 サムライガールズ(2021年),S,,,
パチスロ 真・北斗無双,S,,,
パチスロ 真俺の空,S,,,
パチスロ 緋弾のアリアⅡ,S,,,
パチスロ 織田信奈の野望,S,,,
パチスロ 聖闘士星矢-冥王復活-,S,,,
パチスロ 花伝,S,,,
パチスロ 花伝-30,S,,,
パチスロ 蒼天の拳2,S,,,
パチスロ 蒼天の拳4,S,,,
パチスロ 蒼穹のファフナー,S,,,
パチスロ 蒼穹のファフナー EXODUS,S,,,
パチスロ 蛇喰夢子という女,S,,,
パチスロ 言い訳はさせないわよ!by壇蜜,S,,,
パチスロ 輪廻のラグランジェ,S,,,
パチスロ 這いよれ!ニャル子さん,S,,,
パチスロ 鉄拳3rd,S,,,
パチスロ 鉄拳4,S,,,
パチスロ 鉄拳4 デビルVer.,S,,,
パチスロ 閃乱カグラ,S,,,
パチスロ 閃乱カグラ BURST UP,S,,,
パチスロ 零～zero～,S,,,
パチスロ 青の祓魔師,S,,,
パチスロ 青鬼,S,,,
パチスロ 魔法少女育成計画,S,,,
パチスロ 麻雀物語4,S,,,
パチスロ ＜物語＞シリーズ セカンドシーズン,S,,,
パチスロ1000ちゃん,S,,,
パチスロANEMONE 交響詩篇エウレカセブン HI-EVOLUTION,S,,,
パチスロFAIRY TAIL2,S,,,
パチスロGANTZ極 THE SURVIVAL GAME,S,,,
パチスロL黄門ちゃま天,S,,,
パチスロOVERLORD絶対支配者光臨Ⅱ,S,,,
パチスロRYUKYU Beat-30,S,,,
パチスロうまい棒(2021年),S,,,
パチスロひぐらしのなく頃に祭2,S,,,
パチスロひぐらしのなく頃に祭2カケラ遊び編,S,,,
パチスロアラジンAクラシック,S,,,
パチスロコードギアス 反逆のルルーシュ3 C.C.&Kallen ver.,S,,,
パチスロコードギアス 反逆のルルーシュR2 C.C.version,S,,,
パチスロナイツ,S,,,
パチスロハイパーラッシュ(2024年),S,,,
パチスロハードボイルド(2022年),S,,,
パチスロペルソナ5,S,,,
パチスロ交響詩篇エウレカセブン HI-EVOLUTION ZERO TYPE-ART,S,,,
パチスロ交響詩篇エウレカセブン3 HI-EVOLUTION-ZERO,S,,,
パチスロ修羅の刻,S,,,
パチスロ傷物語 -始マリノ刻-,S,,,
パチスロ北斗の拳 天昇,S,,,
パチスロ北斗の拳 宿命,S,,,
パチスロ大工の源さん～桜満開!源DREAM Ver.～,S,,,
パチスロ幼女戦記,S,,,
パチスロ戦国無双3,S,,,
パチスロ攻殻機動隊S.A.C.2nd GIG,S,,,
パチスロ機動戦士ガンダムユニコーン,S,,,
パチスロ武装神姫,S,,,
パチスロ獣王 王者の覚醒,S,,,
パチスロ盾の勇者の成り上がり,S,,,
パチスロ笑ゥせぇるすまん 絶笑,S,,,
パチスロ笑ゥせぇるすまん4,S,,,
パチスロ聖闘士星矢-海皇覚醒-,S,,,
パチスロ鉄拳4 アルティメットデビルVer.,S,,,
パチスロ鉄拳5,S,,,
パチスロ頭文字D,S,,,
パチスロ黄門ちゃま 喝,S,,,
ファミスタ回胴版!!,S,,,
ファンキージャグラー,S,,,
ファンキージャグラー2,S,,,
プレミアムハナハナ-30,S,,,
プレミアムビンゴ,S,,,
ボンバーガール,S,,,
マイジャグラーⅡ,S,,,
マイジャグラーⅡ(2013年),S,,,
マイジャグラーⅢ,S,,,
マイジャグラーⅣ,S,,,
マイジャグラーⅤ,S,,,
マイフラワー2-30,S,,,
マジカルハロウィン ～Trick or Treat!～,S,,,
マジカルハロウィン5,S,,,
マジカルハロウィン7,S,,,
ミスタージャグラー,S,,,
ミリオンゴッド-神々の凱旋-,S,,,
モモキュンソードDX,S,,,
ラストユートピア,S,,,
リノ(2015年),S,,,
リング 恐襲ノ連鎖,S,,,
ワードオブライツⅡ,S,,,
ヱヴァンゲリヲン・魂を繋ぐもの,S,,,
ヱヴァンゲリヲン･勝利への願い,S,,,
ヴィーナスゾーン,S,,,
主役は銭形2,S,,,
主役は銭形3,S,,,
十字架5,S,,,
十字架Ⅲ,S,,,
南国娘2,S,,,
南国娘2-30,S,,,
南国物語(2016年),S,,,
南国育ち-30(2021年),S,,,
吉宗～極～,S,,,
呪怨 再誕AT,S,,,
喰霊-零- 運命乱～うんめいのみだれ～,S,,,
回胴式遊技機 グランベルム,S,,,
回胴性ミリオンアーサー,S,,,
回胴黙示録カイジ～沼～,S,,,
天下布武4,S,,,
対魔導学園35試験小隊,S,,,
忍魂～暁ノ章～,S,,,
戦国コレクション2,S,,,
戦国コレクション4,S,,,
戦国コレクション5,S,,,
戦国乙女2～深淵に輝く気高き将星～,S,,,
戦国乙女3～天剣を継ぐもの～,S,,,
戦国乙女～剣戟に舞う白き剣聖～西国参戦編,S,,,
押忍!!豪炎高校應援團 檄,S,,,
押忍!サラリーマン番長,S,,,
押忍!サラリーマン番長2,S,,,
押忍!番長3,S,,,
押忍!番長ZERO,S,,,
探偵オペラ ミルキィホームズ 1/2の奇跡,S,,,
政宗 戦極,S,,,
政宗2,S,,,
政宗3,S,,,
新ハナビ,S,,,
新世紀エヴァンゲリオン ～魂の共鳴～,S,,,
沖っ娘,S,,,
沖ドキ!,S,,,
沖ドキ!-30,S,,,
沖ドキ!2-30,S,,,
沖ドキ!BLACK,S,,,
沖ドキ!DUO,S,,,
沖ドキ!DUO-30,S,,,
沖ドキ!GOLD,S,,,
沖ドキ!GOLD-30,S,,,
沖ドキ!ゴージャス,S,,,
沖ドキ!ゴージャス-30,S,,,
沖ドキ!トロピカル,S,,,
沖ドキ!トロピカル-30,S,,,
沖ドキ！GOLD,S,,,
沖ドキ！GOLD-30,S,,,
沖縄フェスティバル-30,S,,,
沖縄フェスティバル-30(2022年),S,,,
燃えよ!功夫淑女ドラゴン,S,,,
燃えチバ-30,S,,,
牙狼-黄金騎士-,S,,,
真天下布武,S,,,
秘宝伝-解き放たれた女神-,S,,,
秘宝伝～The Last～,S,,,
秘宝伝～伝説への道～,S,,,
紅き魂は桜の如く,S,,,
絶対衝激Ⅲ,S,,,
緑ドンVIVA2,S,,,
織田信奈の野望 全国版,S,,,
花の慶次～武威～,S,,,
花火絶景,S,,,
課長 熊田工作,S,,,
超ギラギラ爺サマー,S,,,
闘魂継承 アントニオ猪木という名のパチスロ機,S,,,
防空少女ラブキューレ,S,,,
鬼浜爆走紅蓮隊 愛情恋歌編,S,,,
鬼浜爆走紅蓮隊 激闘謳歌編,S,,,
鬼浜爆走紅蓮隊 狂闘旅情編,S,,,
麻雀格闘倶楽部,S,,,
麻雀格闘倶楽部 参,S,,,
麻雀格闘倶楽部 真,S,,,
麻雀物語3 役満乱舞の究極大戦,S,,,
黄門ちゃま喝2,S,,,
～ガールズケイリン～ＧⅠフェアリーグランプリ,S,,,
