alias_name,machine_id,formal_machine_name,confidence_score,memo
CR 009 RE:CYBORG 99.9ver,P_a615bc7f7e,CR 009 RE:CYBORG 99.9ver,1.0,初期自動登録
CR 009 RE:CYBORG S2R-K,P_31e92c6f34,CR 009 RE:CYBORG S2R-K,1.0,初期自動登録
CR J-RUSH3 HSJ,P_e44d9578c4,CR J-RUSH3 HSJ,1.0,初期自動登録
CR J-RUSH3 RSJ,P_bcad688722,CR J-RUSH3 RSJ,1.0,初期自動登録
CR J-RUSH4 HSJ,P_1fbd2184ef,CR J-RUSH4 HSJ,1.0,初期自動登録
CR JAWS～it’s a SHARK PANIC～ 319ver.,P_bee9a70964,CR JAWS～it’s a SHARK PANIC～ 319ver.,1.0,初期自動登録
CR RAVE この世界こそが真実だ FPM,P_9724976a37,CR RAVE この世界こそが真実だ FPM,1.0,初期自動登録
CRA TOKIO PREMIUM V,P_ebd2c93ffe,CRA TOKIO PREMIUM V,1.0,初期自動登録
CRA暴れん坊将軍 怪談 FPW,P_a16438daf7,CRA暴れん坊将軍 怪談 FPW,1.0,初期自動登録
CRA祭りだ!サブちゃん,P_a5d9c0a3b0,CRA祭りだ!サブちゃん,1.0,初期自動登録
CRA遠山の金さん 二人の遠山桜 FPW,P_ffbf9d6fc4,CRA遠山の金さん 二人の遠山桜 FPW,1.0,初期自動登録
CRA銀河鉄道999 99ver.,P_959801c60e,CRA銀河鉄道999 99ver.,1.0,初期自動登録
CREA Newクレアの秘宝伝,P_31bd0feec0,CREA Newクレアの秘宝伝,1.0,初期自動登録
CRぱちんこAKB48 バラの儀式 V9,P_1215c1e0b5,CRぱちんこAKB48 バラの儀式 V9,1.0,初期自動登録
CRぱちんこコードギアス 反逆のルルーシュ Z4,P_fb7ec868c2,CRぱちんこコードギアス 反逆のルルーシュ Z4,1.0,初期自動登録
CRぱちんこ仮面ライダー フルスロットル 闇のバトルver.,P_2929236b82,CRぱちんこ仮面ライダー フルスロットル 闇のバトルver.,1.0,初期自動登録
CRひぐらしのなく頃に～叫～ 319Ver.,P_33e9d3e3b1,CRひぐらしのなく頃に～叫～ 319Ver.,1.0,初期自動登録
CRシュタインズ・ゲート 未来ガジェット319号機,P_d979bc8fa2,CRシュタインズ・ゲート 未来ガジェット319号機,1.0,初期自動登録
CRダイナマイトキングin沖縄 爆はいさいVer.,P_dfd5c2dde0,CRダイナマイトキングin沖縄 爆はいさいVer.,1.0,初期自動登録
CRトキオスペシャル V1,P_401f18c278,CRトキオスペシャル V1,1.0,初期自動登録
CRビッグドリーム～神撃 259Ver.,P_b7f763d67f,CRビッグドリーム～神撃 259Ver.,1.0,初期自動登録
CRフィーバークィーンⅡ DX,P_4591c8a4d0,CRフィーバークィーンⅡ DX,1.0,初期自動登録
CRフィーバー宇宙戦艦ヤマト -ONLY ONE- ライトミドルタイプ,P_e4b2082ed1,CRフィーバー宇宙戦艦ヤマト -ONLY ONE- ライトミドルタイプ,1.0,初期自動登録
CRフィーバー戦姫絶唱シンフォギア,P_6bd273c177,CRフィーバー戦姫絶唱シンフォギア,1.0,初期自動登録
CRフィーバー戦姫絶唱シンフォギア LIGHT ver.,P_a272684080,CRフィーバー戦姫絶唱シンフォギア LIGHT ver.,1.0,初期自動登録
CRマッハGoGoGo GP7000 XVTS,P_fd509b315e,CRマッハGoGoGo GP7000 XVTS,1.0,初期自動登録
CRリング 運命の日 FPSZ,P_27afde072c,CRリング 運命の日 FPSZ,1.0,初期自動登録
CRリング 運命の日 FPWZ,P_2da5f54152,CRリング 運命の日 FPWZ,1.0,初期自動登録
CR爆走大工の源さん外伝-京都もいただき編- 強ミドル,P_08c82e0fec,CR爆走大工の源さん外伝-京都もいただき編- 強ミドル,1.0,初期自動登録
CR百花繚乱 サムライブライド M5BZ2,P_7a4d37a8c0,CR百花繚乱 サムライブライド M5BZ2,1.0,初期自動登録
CR緋弾のアリアⅡ FPM,P_5fc486a699,CR緋弾のアリアⅡ FPM,1.0,初期自動登録
CR聖闘士星矢-BEYOND THE LIMIT- MLA,P_419dd7e3f1,CR聖闘士星矢-BEYOND THE LIMIT- MLA,1.0,初期自動登録
CR餃子の王将3 メガ盛7000,P_b2a414d9fb,CR餃子の王将3 メガ盛7000,1.0,初期自動登録
CR餃子の王将3 大盛5000,P_9713cb9ee7,CR餃子の王将3 大盛5000,1.0,初期自動登録
CR黄門ちゃま 超寿 日本漫遊2700km 199ver.,P_5152d58305,CR黄門ちゃま 超寿 日本漫遊2700km 199ver.,1.0,初期自動登録
CR黄門ちゃま 超寿 日本漫遊2700km 299ver.,P_3670d29d7f,CR黄門ちゃま 超寿 日本漫遊2700km 299ver.,1.0,初期自動登録
CR黄門ちゃま～神盛JUDGEMENT～ 99.9ver.,P_a1f7731212,CR黄門ちゃま～神盛JUDGEMENT～ 99.9ver.,1.0,初期自動登録
CR黄門ちゃま～神盛JUDGEMENT～ L9BZ6,P_caf9768797,CR黄門ちゃま～神盛JUDGEMENT～ L9BZ6,1.0,初期自動登録
L 新・必殺仕置人 回胴 CRASH SPEC,P_79c10ad3aa,L 新・必殺仕置人 回胴 CRASH SPEC,1.0,初期自動登録
L少女☆歌劇 レヴュースタァライト -The SLOT-,P_e95b11e381,L少女☆歌劇 レヴュースタァライト -The SLOT-,1.0,初期自動登録
L銀河英雄伝説 Die Neue These,P_6a61814c43,L銀河英雄伝説 Die Neue These,1.0,初期自動登録
P 009 RE:CYBORG ACCELERATOR EDITION 99ver.,P_0112233cf5,P 009 RE:CYBORG ACCELERATOR EDITION 99ver.,1.0,初期自動登録
P 009 RE:CYBORG ACCELERATOR EDITION M4-K,P_8b3c3d8957,P 009 RE:CYBORG ACCELERATOR EDITION M4-K,1.0,初期自動登録
P 10カウントチャージ 絶狼,P_5944fa2ee1,P 10カウントチャージ 絶狼,1.0,初期自動登録
P <物語>シリーズ セカンドシーズン GEE,P_940cabda08,P <物語>シリーズ セカンドシーズン GEE,1.0,初期自動登録
P ANOTHER WILD RODEO～スギちゃんっス～ ST2,P_a9c820adb8,P ANOTHER WILD RODEO～スギちゃんっス～ ST2,1.0,初期自動登録
P CYBORG009 RULE OF SACRIFICE S3-K,P_b09f956dbc,P CYBORG009 RULE OF SACRIFICE S3-K,1.0,初期自動登録
P CYBORG009 RULE OF SACRIFICE VS SCARL BODY EDITION 199,P_ebb0798f9f,P CYBORG009 RULE OF SACRIFICE VS SCARL BODY EDITION 199,1.0,初期自動登録
P FAIRY TAIL 2 JQD,P_86a7bee3ba,P FAIRY TAIL 2 JQD,1.0,初期自動登録
P FAIRY TAIL 89Ver.,P_2274c7ea46,P FAIRY TAIL 89Ver.,1.0,初期自動登録
P FAIRY TAIL これが七炎竜の力だ FSA,P_70ed0ee7cb,P FAIRY TAIL これが七炎竜の力だ FSA,1.0,初期自動登録
P FAIRY TAIL 超一夜Ver.,P_7418129675,P FAIRY TAIL 超一夜Ver.,1.0,初期自動登録
P GANTZ覚醒 SWEET2000,P_b2128bab8d,P GANTZ覚醒 SWEET2000,1.0,初期自動登録
P GO!GO!マリン 3000 HCD,P_5b3be53360,P GO!GO!マリン 3000 HCD,1.0,初期自動登録
P GO!GO!マリン 超連撃BATTLE JTD,P_3deebedf83,P GO!GO!マリン 超連撃BATTLE JTD,1.0,初期自動登録
P GO!GO!郷 comeback stage M3-X,P_9949096c70,P GO!GO!郷 comeback stage M3-X,1.0,初期自動登録
P GO!GO!郷 革命の5 M4-VLT,P_a1c81405fc,P GO!GO!郷 革命の5 M4-VLT,1.0,初期自動登録
P GⅠDREAMROAD MH,P_7e19575883,P GⅠDREAMROAD MH,1.0,初期自動登録
P J-RUSH5 HSJ-S,P_e32e4015c4,P J-RUSH5 HSJ-S,1.0,初期自動登録
P J-RUSH5 RSJ-S,P_74e18ff98b,P J-RUSH5 RSJ-S,1.0,初期自動登録
P JAWS3 SHARK PANIC -深淵- H1AZ5Y,P_9a58025143,P JAWS3 SHARK PANIC -深淵- H1AZ5Y,1.0,初期自動登録
P JAWS3 SHARK PANIC -深淵- LIGHT,P_48e1182adc,P JAWS3 SHARK PANIC -深淵- LIGHT,1.0,初期自動登録
P NEW TOKIO ハカマタイプ,P_4e40148999,P NEW TOKIO ハカマタイプ,1.0,初期自動登録
P ROAD TO EDEN GED,P_9b09a8e8ce,P ROAD TO EDEN GED,1.0,初期自動登録
P STEINS；GATE 0 L2-K,P_f364de7f8d,P STEINS；GATE 0 L2-K,1.0,初期自動登録
P TENRYU 7 R1,P_e722d0459d,P TENRYU 7 R1,1.0,初期自動登録
P TIGER & BUNNY ～完全無欠WILDスペック～,P_c77561b5a7,P TIGER & BUNNY ～完全無欠WILDスペック～,1.0,初期自動登録
P TOKIO BLACK 4500V1,P_150debdf86,P TOKIO BLACK 4500V1,1.0,初期自動登録
P ToLOVEるダークネス 100ver.,P_76d6cce620,P ToLOVEるダークネス 100ver.,1.0,初期自動登録
P ToLOVEるダークネス 199ver.,P_9fe59e7134,P ToLOVEるダークネス 199ver.,1.0,初期自動登録
P ToLOVEるダークネス H1YZ5,P_015a3d6ddf,P ToLOVEるダークネス H1YZ5,1.0,初期自動登録
P ayumi hamasaki ～LIVE in CASINO～ KG-F,P_c5c68ef557,P ayumi hamasaki ～LIVE in CASINO～ KG-F,1.0,初期自動登録
P ayumi hamasaki ～LIVE in CASINO～ KG-JJF,P_b584647c7b,P ayumi hamasaki ～LIVE in CASINO～ KG-JJF,1.0,初期自動登録
P sin 七つの大罪 X-TREME V1K,P_123f385366,P sin 七つの大罪 X-TREME V1K,1.0,初期自動登録
P sin 七つの大罪 強甘 2400Ver.,P_b134653f70,P sin 七つの大罪 強甘 2400Ver.,1.0,初期自動登録
P yes!高須クリニック 超整形BLACK ver.,P_8854c420f5,P yes!高須クリニック 超整形BLACK ver.,1.0,初期自動登録
P yes!高須クリニック青天 はじまりは4500,P_f69bce610e,P yes!高須クリニック青天 はじまりは4500,1.0,初期自動登録
P いくさの子 戦極最強 ドデカ199ver.,P_fb6dd26542,P いくさの子 戦極最強 ドデカ199ver.,1.0,初期自動登録
P にゃんこ大戦争 多様性のネコ M4,P_a57b9f5f79,P にゃんこ大戦争 多様性のネコ M4,1.0,初期自動登録
P にゃんこ大戦争 多様性のネコ 神さまにおまかせ88ver.,P_e35137cf14,P にゃんこ大戦争 多様性のネコ 神さまにおまかせ88ver.,1.0,初期自動登録
P ひぐらしのなく頃に～彩～ FM-N,P_71ddf39e4e,P ひぐらしのなく頃に～彩～ FM-N,1.0,初期自動登録
P アズールレーン THE ANIMATION 異次元トリガー 79ver.,P_a46cae3530,P アズールレーン THE ANIMATION 異次元トリガー 79ver.,1.0,初期自動登録
P アズールレーン THE ANIMATION 異次元トリガー M4,P_d2aaf5e28e,P アズールレーン THE ANIMATION 異次元トリガー M4,1.0,初期自動登録
P ウルトラマンメビウス デカヘソ319,P_95496028ea,P ウルトラマンメビウス デカヘソ319,1.0,初期自動登録
P モモキュンソード 速撃3000+,P_48c4d0c71b,P モモキュンソード 速撃3000+,1.0,初期自動登録
P モモキュンソード 速撃99ver.,P_7790670b6f,P モモキュンソード 速撃99ver.,1.0,初期自動登録
P リングにかけろ1 L5-S,P_3677e4b070,P リングにかけろ1 L5-S,1.0,初期自動登録
P 俺の妹がこんなに可愛いわけがない。 M3,P_67d3e81ae4,P 俺の妹がこんなに可愛いわけがない。 M3,1.0,初期自動登録
P 俺の妹がこんなに可愛いわけがない。 攻略!!スキップ159ver.,P_11dff98f2d,P 俺の妹がこんなに可愛いわけがない。 攻略!!スキップ159ver.,1.0,初期自動登録
P 冬のソナタ My Memory M7,P_fe1e621193,P 冬のソナタ My Memory M7,1.0,初期自動登録
P 冬のソナタ My Memory SWEET Version,P_43ce006df5,P 冬のソナタ My Memory SWEET Version,1.0,初期自動登録
P 宇宙戦艦ヤマト2202 超波動 G,P_7d79194055,P 宇宙戦艦ヤマト2202 超波動 G,1.0,初期自動登録
P 宇宙戦艦ヤマト2202 超波動 森雪 199LT ver.,P_5ec27f69b9,P 宇宙戦艦ヤマト2202 超波動 森雪 199LT ver.,1.0,初期自動登録
P 犬夜叉3.0 大入り 甘SPEC,P_770391cddc,P 犬夜叉3.0 大入り 甘SPEC,1.0,初期自動登録
P 百花繚乱 ご奉仕129ver.,P_64a62e17c1,P 百花繚乱 ご奉仕129ver.,1.0,初期自動登録
P 織田信奈の野望 下剋上 V1D,P_2cb2eceb41,P 織田信奈の野望 下剋上 V1D,1.0,初期自動登録
P10カウントチャージ 絶狼 神撃135Ver.,P_2079b56326,P10カウントチャージ 絶狼 神撃135Ver.,1.0,初期自動登録
P13日の金曜日 ZB,P_ff8da4515f,P13日の金曜日 ZB,1.0,初期自動登録
PA CYBORG009 CALL OF JUSTICE N-X1,P_83109dc6da,PA CYBORG009 CALL OF JUSTICE N-X1,1.0,初期自動登録
PA CYBORG009 RULE OF SACRIFICE LT99Ver,P_0459f5613a,PA CYBORG009 RULE OF SACRIFICE LT99Ver,1.0,初期自動登録
PA FAIRY TAIL 2 JWA,P_bf65d801a7,PA FAIRY TAIL 2 JWA,1.0,初期自動登録
PA GO!GO!郷 comeback stage 77ver.,P_2c833827bd,PA GO!GO!郷 comeback stage 77ver.,1.0,初期自動登録
PA SUPER 電役ナナシーSPECIAL 3VV,P_4b0326e1ba,PA SUPER 電役ナナシーSPECIAL 3VV,1.0,初期自動登録
PAうる星やつら～ラムのLoveSong～ N-K,P_f7af54221b,PAうる星やつら～ラムのLoveSong～ N-K,1.0,初期自動登録
PAこの素晴らしい世界に祝福を! 「このゆる甘99に祝福を!」,P_a2420e6229,PAこの素晴らしい世界に祝福を! 「このゆる甘99に祝福を!」,1.0,初期自動登録
PAでかちりラッシュ AE,P_6fa3765904,PAでかちりラッシュ AE,1.0,初期自動登録
PAぱちんこ キン肉マン3 キン肉星王位争奪編 特盛ミートくんver.,P_f21b6f434a,PAぱちんこ キン肉マン3 キン肉星王位争奪編 特盛ミートくんver.,1.0,初期自動登録
PAぱちんこ 新・必殺仕置人 TURBO A8,P_83af0d78ed,PAぱちんこ 新・必殺仕置人 TURBO A8,1.0,初期自動登録
PAぱちんこAKB48桜 LIGHTver.,P_2edc6558d9,PAぱちんこAKB48桜 LIGHTver.,1.0,初期自動登録
PAぱちんこウルトラ6兄弟 Light Version,P_3b85b0f779,PAぱちんこウルトラ6兄弟 Light Version,1.0,初期自動登録
PAぱちんこウルトラセブン2 Light ver.,P_08a296308b,PAぱちんこウルトラセブン2 Light ver.,1.0,初期自動登録
PAぱちんこガラスの仮面 89ver.,P_2a2e7d4cfd,PAぱちんこガラスの仮面 89ver.,1.0,初期自動登録
PAぱちんこ冬のソナタ SWEET W HAPPY Version,P_0a3c3f2fc7,PAぱちんこ冬のソナタ SWEET W HAPPY Version,1.0,初期自動登録
PAぱちんこ新鬼武者 狂鬼乱舞 Light ver.,P_20cf7540d3,PAぱちんこ新鬼武者 狂鬼乱舞 Light ver.,1.0,初期自動登録
PAひぐらしのなく頃に 輪廻転生 99Ver.,P_ab2e3c6828,PAひぐらしのなく頃に 輪廻転生 99Ver.,1.0,初期自動登録
PAひぐらしのなく頃に～囁～ AD-FR,P_daf9a314bf,PAひぐらしのなく頃に～囁～ AD-FR,1.0,初期自動登録
PAぶいぶい!ゴジラ かいじゅう大集合!! N-K1,P_e9896e76fd,PAぶいぶい!ゴジラ かいじゅう大集合!! N-K1,1.0,初期自動登録
PAわんわんパラダイスCELEBRATION AGBD,P_f129bb938f,PAわんわんパラダイスCELEBRATION AGBD,1.0,初期自動登録
PAわんわんパラダイスV GBA,P_55aa1567e2,PAわんわんパラダイスV GBA,1.0,初期自動登録
PAガンスリンガー ストラトス 遊撃ver.,P_1d47cfc7cd,PAガンスリンガー ストラトス 遊撃ver.,1.0,初期自動登録
PAガールフレンド(仮) 99ver.,P_d86bd46836,PAガールフレンド(仮) 99ver.,1.0,初期自動登録
PAギンギラパラダイス 夢幻カーニバル 強99ver.,P_4e87c0fa33,PAギンギラパラダイス 夢幻カーニバル 強99ver.,1.0,初期自動登録
PAコマコマ倶楽部with坂本冬美 89STver.,P_93c15deb3a,PAコマコマ倶楽部with坂本冬美 89STver.,1.0,初期自動登録
PAコマコマ倶楽部with坂本冬美 99ver.,P_00d55425b8,PAコマコマ倶楽部with坂本冬美 99ver.,1.0,初期自動登録
PAコマコマ倶楽部with坂本冬美 99確変ループver.,P_9063d8b0da,PAコマコマ倶楽部with坂本冬美 99確変ループver.,1.0,初期自動登録
PAデジハネガオガオキング3 SWQA,P_1e9f63cb43,PAデジハネガオガオキング3 SWQA,1.0,初期自動登録
PAデジハネ火曜サスペンス劇場3 最後の推理 GSA,P_300ddf6834,PAデジハネ火曜サスペンス劇場3 最後の推理 GSA,1.0,初期自動登録
PAナムココレクション 89ver.,P_f9cbf95d1a,PAナムココレクション 89ver.,1.0,初期自動登録
PAナムココレクション2 スイートゲームver.,P_b25758b410,PAナムココレクション2 スイートゲームver.,1.0,初期自動登録
PAハイスクール・フリート オールスター すい～とでハッピー!2400,P_31c936f444,PAハイスクール・フリート オールスター すい～とでハッピー!2400,1.0,初期自動登録
PAハイスクール・フリート スイートでハッピー!,P_aaba71b8ee,PAハイスクール・フリート スイートでハッピー!,1.0,初期自動登録
PAビビッドレッド・オペレーション Sweetもも99ver.,P_887de14f78,PAビビッドレッド・オペレーション Sweetもも99ver.,1.0,初期自動登録
PAフィーバー バイオハザード リベレーションズ2 Light ver.,P_b75dc283a2,PAフィーバー バイオハザード リベレーションズ2 Light ver.,1.0,初期自動登録
PAフィーバー 機動戦士ガンダムユニコーン LIGHT ver.,P_c0b710aa00,PAフィーバー 機動戦士ガンダムユニコーン LIGHT ver.,1.0,初期自動登録
PAフィーバーかぐや様は告らせたい Light ver.,P_be2f1d9bf7,PAフィーバーかぐや様は告らせたい Light ver.,1.0,初期自動登録
PAフィーバーからくりサーカス2 Light ver.,P_014ce94483,PAフィーバーからくりサーカス2 Light ver.,1.0,初期自動登録
PAフィーバーアイドルマスター ミリオンライブ! LIGHT VER.,P_f78a6ff040,PAフィーバーアイドルマスター ミリオンライブ! LIGHT VER.,1.0,初期自動登録
PAフィーバーアクエリオン ALL STARS LIGHT ver.,P_9c4a645cc9,PAフィーバーアクエリオン ALL STARS LIGHT ver.,1.0,初期自動登録
PAフィーバースーパー戦隊 Light ver.,P_1bbc8d75b8,PAフィーバースーパー戦隊 Light ver.,1.0,初期自動登録
PAフィーバーダンジョンに出会いを求めるのは間違っているだろうか2 LT-Light ver.,P_72017f216e,PAフィーバーダンジョンに出会いを求めるのは間違っているだろうか2 LT-Light ver.,1.0,初期自動登録
PAフィーバーダンベル何キロ持てる? Light ver.,P_703810fa4d,PAフィーバーダンベル何キロ持てる? Light ver.,1.0,初期自動登録
PAフィーバーパワフル R,P_b275f17941,PAフィーバーパワフル R,1.0,初期自動登録
PAフィーバーマクロスフロンティア3 Light ver.,P_ccb4e5ac7c,PAフィーバーマクロスフロンティア3 Light ver.,1.0,初期自動登録
PAフィーバーマクロスフロンティア4 88ver.,P_55b1b48c1c,PAフィーバーマクロスフロンティア4 88ver.,1.0,初期自動登録
PAフィーバー機動戦士ガンダム 逆襲のシャア Light ver.,P_24c67e6339,PAフィーバー機動戦士ガンダム 逆襲のシャア Light ver.,1.0,初期自動登録
PAフィーバー機動戦士ガンダムユニコーン LIGHT ver.,P_d09f0720e9,PAフィーバー機動戦士ガンダムユニコーン LIGHT ver.,1.0,初期自動登録
PAフィーバー機動戦士ガンダムユニコーン 再来 99ver.,P_8417cbb82c,PAフィーバー機動戦士ガンダムユニコーン 再来 99ver.,1.0,初期自動登録
PAフィーバー真花月2 Light Ver.,P_31124112c9,PAフィーバー真花月2 Light Ver.,1.0,初期自動登録
PAフィーバー蒼穹のファフナー2 Light ver.,P_9c07ab5db6,PAフィーバー蒼穹のファフナー2 Light ver.,1.0,初期自動登録
PAヤッターマンVVV YBB,P_84e27f6403,PAヤッターマンVVV YBB,1.0,初期自動登録
PAリング バースデイ 呪いの始まり FWC,P_3b4f6c448c,PAリング バースデイ 呪いの始まり FWC,1.0,初期自動登録
PAリング 呪いの7日間2 FWA,P_8fb658aa66,PAリング 呪いの7日間2 FWA,1.0,初期自動登録
PAワンパンマン 99ver.,P_1c5cd0e166,PAワンパンマン 99ver.,1.0,初期自動登録
PAヱヴァンゲリヲン13 エクストラモデル,P_3376969faa,PAヱヴァンゲリヲン13 エクストラモデル,1.0,初期自動登録
PA世紀末・天才バカボン～神SPEC凱旋～ 99ver.,P_2bb1bea3a2,PA世紀末・天才バカボン～神SPEC凱旋～ 99ver.,1.0,初期自動登録
PA乗物娘 WITH CYBERJAPAN(R) DANCERS 77ver.,P_fa53c5b510,PA乗物娘 WITH CYBERJAPAN(R) DANCERS 77ver.,1.0,初期自動登録
PA乗物娘 with CYBER JAPAN DANCERS 2nd season 77ver.,P_f5ead67a47,PA乗物娘 with CYBER JAPAN DANCERS 2nd season 77ver.,1.0,初期自動登録
PA元祖ギンギラパラダイス 強99ver.,P_0dee883d0e,PA元祖ギンギラパラダイス 強99ver.,1.0,初期自動登録
PA元祖大工の源さん WBE,P_e4f62df3df,PA元祖大工の源さん WBE,1.0,初期自動登録
PA元祖大工の源さん2 JBB,P_119e51375a,PA元祖大工の源さん2 JBB,1.0,初期自動登録
PA咲-Saki- 阿知賀編 99バージョン,P_0c353965d4,PA咲-Saki- 阿知賀編 99バージョン,1.0,初期自動登録
PA巨人の星 一球入魂 明子2000Ver,P_a35c0abe8a,PA巨人の星 一球入魂 明子2000Ver,1.0,初期自動登録
PA巨人の星～栄光の軌跡～ Light version,P_7cfcd2997d,PA巨人の星～栄光の軌跡～ Light version,1.0,初期自動登録
PA怪盗おそ松さん HC-R,P_853e3b7636,PA怪盗おそ松さん HC-R,1.0,初期自動登録
PA戦国BASARA N-5V1,P_0370a10434,PA戦国BASARA N-5V1,1.0,初期自動登録
PA清流物語4 ウキウキ79ver.,P_0b6e323d70,PA清流物語4 ウキウキ79ver.,1.0,初期自動登録
PA激デジ ジューシーハニーハーレム RAY,P_f5c0bcb748,PA激デジ ジューシーハニーハーレム RAY,1.0,初期自動登録
PA激デジ 笑ゥせぇるすまん 最後の忠告 MPY,P_1c513ce24c,PA激デジ 笑ゥせぇるすまん 最後の忠告 MPY,1.0,初期自動登録
PA激デジジューシーハニー3 NCY,P_4850822033,PA激デジジューシーハニー3 NCY,1.0,初期自動登録
PA真・怪獣王ゴジラ N2-K6,P_5ce1f6da0a,PA真・怪獣王ゴジラ N2-K6,1.0,初期自動登録
PA真・怪獣王ゴジラ NL-K1,P_d86b4307d3,PA真・怪獣王ゴジラ NL-K1,1.0,初期自動登録
PA真・怪獣王ゴジラ2 78Ver.,P_77b8087086,PA真・怪獣王ゴジラ2 78Ver.,1.0,初期自動登録
PA真・暴れん坊将軍 双撃 99Ver.,P_c16067067d,PA真・暴れん坊将軍 双撃 99Ver.,1.0,初期自動登録
PA緋弾のアリアAA JD設定付,P_7fa7df0016,PA緋弾のアリアAA JD設定付,1.0,初期自動登録
PA緋弾のアリアⅢ FW設定付,P_e59aee68d0,PA緋弾のアリアⅢ FW設定付,1.0,初期自動登録
PA緋弾のアリア～緋弾覚醒編～甘デジver.,P_d31fca3fdf,PA緋弾のアリア～緋弾覚醒編～甘デジver.,1.0,初期自動登録
PA聖闘士星矢4 The Battle of ”限界突破” 女神シリーズ,P_0f6d136cc0,PA聖闘士星矢4 The Battle of ”限界突破” 女神シリーズ,1.0,初期自動登録
PA貞子vs伽椰子 頂上決戦 FWA,P_801301fba2,PA貞子vs伽椰子 頂上決戦 FWA,1.0,初期自動登録
PA遠山の金さん2 遠山桜と華の密偵 JWD,P_3e769b9ae5,PA遠山の金さん2 遠山桜と華の密偵 JWD,1.0,初期自動登録
PA野生の王国Ⅵ N2,P_4b9cdd8418,PA野生の王国Ⅵ N2,1.0,初期自動登録
PA野生の王国～どらむサファリ～ 99Ver.,P_fd6d118405,PA野生の王国～どらむサファリ～ 99Ver.,1.0,初期自動登録
PA鉄拳 極 SWEET COMBO VER.,P_73bc6f556e,PA鉄拳 極 SWEET COMBO VER.,1.0,初期自動登録
PA銀河英雄伝説 Die Neue These 遊パチスペック,P_808b4496fa,PA銀河英雄伝説 Die Neue These 遊パチスペック,1.0,初期自動登録
PA魔王学院の不適合者 魔王再臨 99Ver,P_f1243c8a75,PA魔王学院の不適合者 魔王再臨 99Ver,1.0,初期自動登録
PLT OVERLORD魔導王光臨 129ver.,P_fbcb80e4d3,PLT OVERLORD魔導王光臨 129ver.,1.0,初期自動登録
PLT OVERLORD魔導王光臨 ME,P_b5aaab011c,PLT OVERLORD魔導王光臨 ME,1.0,初期自動登録
PLTジューシーハニー極嬢 MA,P_c9dfa17b5d,PLTジューシーハニー極嬢 MA,1.0,初期自動登録
PLT世界でいちばん強くなりたい!2 MQ,P_4c77c1106d,PLT世界でいちばん強くなりたい!2 MQ,1.0,初期自動登録
PLT激デジ ジューシーハニー極嬢 77LT-ARB,P_457829fbd6,PLT激デジ ジューシーハニー極嬢 77LT-ARB,1.0,初期自動登録
PYRAMID EYE,P_64eddada20,PYRAMID EYE,1.0,初期自動登録
P【超甘LT】江頭2:50inナナシー 奇跡の99%,P_9b2e7843bb,P【超甘LT】江頭2:50inナナシー 奇跡の99%,1.0,初期自動登録
P【超甘LT】華牌RR 1/49×99de遊タイム,P_f8e4f6afe5,P【超甘LT】華牌RR 1/49×99de遊タイム,1.0,初期自動登録
P【超甘LT】豊丸のとあるパチンコにしみけん参戦 感度UP1/39,P_451dc67c85,P【超甘LT】豊丸のとあるパチンコにしみけん参戦 感度UP1/39,1.0,初期自動登録
Pあの日見た花の名前を僕達はまだ知らない。 SLJA,P_be16110f0f,Pあの日見た花の名前を僕達はまだ知らない。 SLJA,1.0,初期自動登録
Pあぶない刑事 129ver.,P_d9b4346b51,Pあぶない刑事 129ver.,1.0,初期自動登録
Pあぶない刑事 M4-Z YT900,P_569d6825e3,Pあぶない刑事 M4-Z YT900,1.0,初期自動登録
Pいくさの子 織田三郎信長伝 GFPF,P_35db4b85db,Pいくさの子 織田三郎信長伝 GFPF,1.0,初期自動登録
Pうしおととら～超獣SPEC～ FM-JH,P_1b6493d84e,Pうしおととら～超獣SPEC～ FM-JH,1.0,初期自動登録
Pうまい棒 4500から10500 V1,P_aff8e215b5,Pうまい棒 4500から10500 V1,1.0,初期自動登録
Pうまい棒 4500～10500,P_1512734a20,Pうまい棒 4500～10500,1.0,初期自動登録
Pうまい棒2 V3,P_6a517fca0d,Pうまい棒2 V3,1.0,初期自動登録
Pうる星やつら～Eternal Love Song～ 129ver.,P_23a6cadd56,Pうる星やつら～Eternal Love Song～ 129ver.,1.0,初期自動登録
Pうる星やつら～Eternal Love Song～ L2-K,P_9337fd7b58,Pうる星やつら～Eternal Love Song～ L2-K,1.0,初期自動登録
Pえとたま2 神祭 MY,P_f29aea0c30,Pえとたま2 神祭 MY,1.0,初期自動登録
Pえとたま2 神祭 干支甘,P_91134436d7,Pえとたま2 神祭 干支甘,1.0,初期自動登録
Pおそ松さんの頑張れ! ゴールデンロード 625Ver.,P_4d1d859e9a,Pおそ松さんの頑張れ! ゴールデンロード 625Ver.,1.0,初期自動登録
Pおばけらんど 怪 199Ver.,P_05015ad58a,Pおばけらんど 怪 199Ver.,1.0,初期自動登録
Pおばけらんど 怪 319Ver.(威吹枠),P_e3db03213f,Pおばけらんど 怪 319Ver.(威吹枠),1.0,初期自動登録
Pこの素晴らしい世界に祝福を 199LT「このラッキートリガーに祝福を!」,P_e536964d27,Pこの素晴らしい世界に祝福を 199LT「このラッキートリガーに祝福を!」,1.0,初期自動登録
Pこの素晴らしい世界に祝福を! 199LT「このラッキートリガーに祝福を!」,P_ef1de4b559,Pこの素晴らしい世界に祝福を! 199LT「このラッキートリガーに祝福を!」,1.0,初期自動登録
Pすしざんまい 極上5700,P_0b57b18647,Pすしざんまい 極上5700,1.0,初期自動登録
Pだるまっしゅ2 119ver.,P_06aed39d4b,Pだるまっしゅ2 119ver.,1.0,初期自動登録
Pだるまっしゅ2 M7-KC,P_3e5a20b9ee,Pだるまっしゅ2 M7-KC,1.0,初期自動登録
Pとある科学の超電磁砲 FSB,P_8ef8a0600f,Pとある科学の超電磁砲 FSB,1.0,初期自動登録
Pとある科学の超電磁砲 最強御坂ver.,P_964a2985db,Pとある科学の超電磁砲 最強御坂ver.,1.0,初期自動登録
Pとある科学の超電磁砲2 JMB,P_19243ac13e,Pとある科学の超電磁砲2 JMB,1.0,初期自動登録
Pとある魔術の禁書目録 JUA,P_c5d6297447,Pとある魔術の禁書目録 JUA,1.0,初期自動登録
Pとある魔術の禁書目録 Light PREMIUM ver.,P_8f2dadcacf,Pとある魔術の禁書目録 Light PREMIUM ver.,1.0,初期自動登録
Pとある魔術の禁書目録2 JMZ,P_a7c50dddbe,Pとある魔術の禁書目録2 JMZ,1.0,初期自動登録
Pとある魔術の禁書目録2 Light PREMIUM 2000 ver.,P_5ab33bdab1,Pとある魔術の禁書目録2 Light PREMIUM 2000 ver.,1.0,初期自動登録
Pはぐれ刑事純情派 L6-XY,P_2ed67ac598,Pはぐれ刑事純情派 L6-XY,1.0,初期自動登録
Pはねものファインプレー H3,P_4d5cf234ce,Pはねものファインプレー H3,1.0,初期自動登録
Pぱちんこ GANTZ:3 LAST BATTLE M3,P_03f8b2185a,Pぱちんこ GANTZ:3 LAST BATTLE M3,1.0,初期自動登録
Pぱちんこ GANTZ極 M3,P_ff103c7930,Pぱちんこ GANTZ極 M3,1.0,初期自動登録
Pぱちんこ GANTZ覚醒 RUSH180,P_2698c043da,Pぱちんこ GANTZ覚醒 RUSH180,1.0,初期自動登録
Pぱちんこ ウルトラセブン 超乱舞,P_dc9afeb43e,Pぱちんこ ウルトラセブン 超乱舞,1.0,初期自動登録
Pぱちんこ ウルトラマンタロウ2,P_41b70fd563,Pぱちんこ ウルトラマンタロウ2,1.0,初期自動登録
Pぱちんこ ウルトラマンティガ ウルトラ超光ライトver.,P_db587425b8,Pぱちんこ ウルトラマンティガ ウルトラ超光ライトver.,1.0,初期自動登録
Pぱちんこ キン肉マン3 キン肉星王位争奪編 友情シルバー,P_5a2ceff7df,Pぱちんこ キン肉マン3 キン肉星王位争奪編 友情シルバー,1.0,初期自動登録
Pぱちんこ キン肉マン3 キン肉星王位争奪編 火事場ゴールド,P_07f654aedd,Pぱちんこ キン肉マン3 キン肉星王位争奪編 火事場ゴールド,1.0,初期自動登録
Pぱちんこ 乃木坂46 キュンキュンLIGHT ver.,P_c3b6be2e4b,Pぱちんこ 乃木坂46 キュンキュンLIGHT ver.,1.0,初期自動登録
Pぱちんこ 乃木坂46 トレジャースペック KCJ2,P_3883981d5a,Pぱちんこ 乃木坂46 トレジャースペック KCJ2,1.0,初期自動登録
Pぱちんこ 水戸黄門 超極上 KC1,P_15b1018491,Pぱちんこ 水戸黄門 超極上 KC1,1.0,初期自動登録
PぱちんこAKB48 ワン・ツー・スリー!!フェスティバル L1,P_61081e4e5f,PぱちんこAKB48 ワン・ツー・スリー!!フェスティバル L1,1.0,初期自動登録
PぱちんこAKB48-3～誇りの丘～ Light Version,P_7c9915ac4a,PぱちんこAKB48-3～誇りの丘～ Light Version,1.0,初期自動登録
PぱちんこGANTZ:2 Sweet ばーじょん,P_4c71b20c6e,PぱちんこGANTZ:2 Sweet ばーじょん,1.0,初期自動登録
Pぱちんこアズールレーン THE ANIMATION MC2,P_578c90466f,Pぱちんこアズールレーン THE ANIMATION MC2,1.0,初期自動登録
Pぱちんこウルトラ6兄弟 K3,P_b947c3f1ac,Pぱちんこウルトラ6兄弟 K3,1.0,初期自動登録
Pぱちんこウルトラマンタロウ2 超決戦LIGHT ver.,P_5241431194,Pぱちんこウルトラマンタロウ2 超決戦LIGHT ver.,1.0,初期自動登録
Pぱちんこウルトラマンティガ K17,P_0d2ad8a39e,Pぱちんこウルトラマンティガ K17,1.0,初期自動登録
Pぱちんこウルトラマンティガ ウルトラ超光ライトver.,P_172195dd15,Pぱちんこウルトラマンティガ ウルトラ超光ライトver.,1.0,初期自動登録
Pぱちんこガラスの仮面 M-K1,P_22b0e99157,Pぱちんこガラスの仮面 M-K1,1.0,初期自動登録
Pぱちんこガラスの仮面 ML-K1,P_3310f0bae0,Pぱちんこガラスの仮面 ML-K1,1.0,初期自動登録
Pぱちんこ乃木坂46 KJ2,P_098ceb5aae,Pぱちんこ乃木坂46 KJ2,1.0,初期自動登録
Pぱちんこ仮面ライダー GO-ON LIGHT,P_b9ed3abe84,Pぱちんこ仮面ライダー GO-ON LIGHT,1.0,初期自動登録
Pぱちんこ仮面ライダー 轟音 M6,P_b280516b7b,Pぱちんこ仮面ライダー 轟音 M6,1.0,初期自動登録
Pぱちんこ仮面ライダー 闇のライダーver. K2,P_9513d7ac3e,Pぱちんこ仮面ライダー 闇のライダーver. K2,1.0,初期自動登録
Pぱちんこ冬のソナタForever M2,P_09452d8ed5,Pぱちんこ冬のソナタForever M2,1.0,初期自動登録
Pぱちんこ戦国コレクション LU,P_0754e49666,Pぱちんこ戦国コレクション LU,1.0,初期自動登録
Pぱちんこ戦国コレクションBLACK LA,P_0b0e18cbbf,Pぱちんこ戦国コレクションBLACK LA,1.0,初期自動登録
Pぱちんこ新・必殺仕置人 K3,P_d54e7700db,Pぱちんこ新・必殺仕置人 K3,1.0,初期自動登録
Pぱちんこ新鬼武者 狂鬼乱舞 ズバババ90XX9,P_db65a69f2f,Pぱちんこ新鬼武者 狂鬼乱舞 ズバババ90XX9,1.0,初期自動登録
Pひぐらしのなく頃に 輪廻転生 FM-JT,P_d6b8409c77,Pひぐらしのなく頃に 輪廻転生 FM-JT,1.0,初期自動登録
Pひぐらしのなく頃に～廻～ 219ver.,P_e32bd3f507,Pひぐらしのなく頃に～廻～ 219ver.,1.0,初期自動登録
Pひぐらしのなく頃に～廻～ AM,P_a63cf2f49b,Pひぐらしのなく頃に～廻～ AM,1.0,初期自動登録
Pひぐらしのなく頃に～憩～ 119ver.,P_3d463dac58,Pひぐらしのなく頃に～憩～ 119ver.,1.0,初期自動登録
Pひぐらしのなく頃に～瞬～ AM-S,P_1f8462fb12,Pひぐらしのなく頃に～瞬～ AM-S,1.0,初期自動登録
Pひぐらしのなく頃に～蕾～ FH-T,P_030c4fa81a,Pひぐらしのなく頃に～蕾～ FH-T,1.0,初期自動登録
Pぶいぶい!ゴジラ かいじゅう大集合!! M3-K1,P_b26feeee94,Pぶいぶい!ゴジラ かいじゅう大集合!! M3-K1,1.0,初期自動登録
Pほのかとクールポコと、ときどき武藤敬司 Y3F,P_5905dc3792,Pほのかとクールポコと、ときどき武藤敬司 Y3F,1.0,初期自動登録
Pめぞん一刻～Wedding Story～ H1YX1,P_23b330e8ee,Pめぞん一刻～Wedding Story～ H1YX1,1.0,初期自動登録
Pめぞん一刻～Wedding Story～ 甘デジ,P_73fc0c560e,Pめぞん一刻～Wedding Story～ 甘デジ,1.0,初期自動登録
Pもっとあぶない刑事 L3-MX,P_8374620c69,Pもっとあぶない刑事 L3-MX,1.0,初期自動登録
Pやじきた道中記 MM,P_72283ba7ae,Pやじきた道中記 MM,1.0,初期自動登録
Pやじきた道中記 甘味ver.,P_cda81b53e7,Pやじきた道中記 甘味ver.,1.0,初期自動登録
Pらんま1/2 熱血格闘遊戯 199Ver.,P_c023b7839a,Pらんま1/2 熱血格闘遊戯 199Ver.,1.0,初期自動登録
Pらんま1/2 熱血格闘遊戯 99Ver.,P_7fb8b1e055,Pらんま1/2 熱血格闘遊戯 99Ver.,1.0,初期自動登録
Pわんニャンアドベンチャー 119ver.,P_b5e64491d7,Pわんニャンアドベンチャー 119ver.,1.0,初期自動登録
Pわんニャンアドベンチャー HCB,P_665b45dbfa,Pわんニャンアドベンチャー HCB,1.0,初期自動登録
Pアズールレーン THE ANIMATION 異次元トリガー M4,P_0a0aa73d6e,Pアズールレーン THE ANIMATION 異次元トリガー M4,1.0,初期自動登録
Pアレジン プレミアム FMG,P_80f2b0eb69,Pアレジン プレミアム FMG,1.0,初期自動登録
Pカイジ 鉄骨渡り勝負編 7000,P_788a1af8e3,Pカイジ 鉄骨渡り勝負編 7000,1.0,初期自動登録
Pガールズ＆パンツァー 劇場版 L9YU3Y,P_16a3071712,Pガールズ＆パンツァー 劇場版 L9YU3Y,1.0,初期自動登録
Pガールズ＆パンツァー 劇場版 甘デジ,P_cb7eb356e2,Pガールズ＆パンツァー 劇場版 甘デジ,1.0,初期自動登録
Pガールフレンド(仮) M2-K YT500,P_3ce4db2d7e,Pガールフレンド(仮) M2-K YT500,1.0,初期自動登録
Pキャッツ・アイ～最高のお宝、頂きに上がります～ Sweet Treasures ver.,P_96c70cc791,Pキャッツ・アイ～最高のお宝、頂きに上がります～ Sweet Treasures ver.,1.0,初期自動登録
Pキャプテン翼 2020 NL,P_edb2319948,Pキャプテン翼 2020 NL,1.0,初期自動登録
Pキャプテン翼 石崎バージョン,P_9254eaaf5c,Pキャプテン翼 石崎バージョン,1.0,初期自動登録
Pキャプテン翼 若林Ver.,P_14b9fb4db3,Pキャプテン翼 若林Ver.,1.0,初期自動登録
Pキャプテン翼 若林甘えんなよ! Ver.,P_f11bdc3a43,Pキャプテン翼 若林甘えんなよ! Ver.,1.0,初期自動登録
Pキュインぱちんこ ピンク・レディー しんぷる,P_12020d9b69,Pキュインぱちんこ ピンク・レディー しんぷる,1.0,初期自動登録
Pギルティクラウン2 ME,P_f366366ff1,Pギルティクラウン2 ME,1.0,初期自動登録
Pギルティクラウン2 プレミアムライブチケット,P_1217fc41ee,Pギルティクラウン2 プレミアムライブチケット,1.0,初期自動登録
Pギンギラパラダイス 夢幻カーニバル 199ver.,P_81744f1776,Pギンギラパラダイス 夢幻カーニバル 199ver.,1.0,初期自動登録
Pギンギラパラダイス 夢幻カーニバル 319ver.,P_a626f1b237,Pギンギラパラダイス 夢幻カーニバル 319ver.,1.0,初期自動登録
Pクイーンズブレイド3 ナナエルVer.,P_c03848dbe0,Pクイーンズブレイド3 ナナエルVer.,1.0,初期自動登録
Pクイーンズブレイド3 レイナVer.,P_2084662077,Pクイーンズブレイド3 レイナVer.,1.0,初期自動登録
Pクイーンズブレイド4 UNLIMITED V1D,P_ef1739bf75,Pクイーンズブレイド4 UNLIMITED V1D,1.0,初期自動登録
Pクイーンズブレイド4 ナナエルver.,P_11c296b497,Pクイーンズブレイド4 ナナエルver.,1.0,初期自動登録
Pクイーンズブレイド奈落 5400,P_5f6eba0fe1,Pクイーンズブレイド奈落 5400,1.0,初期自動登録
Pクイーンズブレイド奈落 ナナエル79Ver.,P_b67add4598,Pクイーンズブレイド奈落 ナナエル79Ver.,1.0,初期自動登録
Pゲゲゲの鬼太郎 獅子奮迅 99ver.,P_90983fc84b,Pゲゲゲの鬼太郎 獅子奮迅 99ver.,1.0,初期自動登録
Pゲゲゲの鬼太郎 獅子奮迅 RRZ,P_b89c7ef205,Pゲゲゲの鬼太郎 獅子奮迅 RRZ,1.0,初期自動登録
Pコードギアス 反逆のルルーシュ Light ver.,P_c31fbb555b,Pコードギアス 反逆のルルーシュ Light ver.,1.0,初期自動登録
Pコードギアス 反逆のルルーシュ Rebellion to Re;surrection ライト ver.,P_50791140cd,Pコードギアス 反逆のルルーシュ Rebellion to Re;surrection ライト ver.,1.0,初期自動登録
Pコードギアス 反逆のルルーシュ Rebellion to Re；surrection V,P_01d117478c,Pコードギアス 反逆のルルーシュ Rebellion to Re；surrection V,1.0,初期自動登録
Pコードギアス 反逆のルルーシュ Rebellion to Re；surrection ライト ver.,P_ea1f387c56,Pコードギアス 反逆のルルーシュ Rebellion to Re；surrection ライト ver.,1.0,初期自動登録
Pコードギアス 反逆のルルーシュ bR,P_be3f97e3e5,Pコードギアス 反逆のルルーシュ bR,1.0,初期自動登録
Pコードギアス 反逆のルルーシュ ライトミドルver.,P_462a41a7f7,Pコードギアス 反逆のルルーシュ ライトミドルver.,1.0,初期自動登録
Pゴブリンスレイヤー JGZ,P_4e7ee98736,Pゴブリンスレイヤー JGZ,1.0,初期自動登録
Pゴブリンスレイヤー ラッキートリガーVer,P_faa9801989,Pゴブリンスレイヤー ラッキートリガーVer,1.0,初期自動登録
Pサラリーマン金太郎 159をなめんじゃねぇver.,P_2d5b52d5f7,Pサラリーマン金太郎 159をなめんじゃねぇver.,1.0,初期自動登録
Pサラリーマン金太郎 FMY,P_8dcb6a7794,Pサラリーマン金太郎 FMY,1.0,初期自動登録
Pシティーハンター 俺の心を震わせた日 H1YZ7,P_30230ced34,Pシティーハンター 俺の心を震わせた日 H1YZ7,1.0,初期自動登録
Pシティーハンター 俺の心を震わせた日 凄ライトミドル,P_426a5751a5,Pシティーハンター 俺の心を震わせた日 凄ライトミドル,1.0,初期自動登録
PシンデレラブレイドJQX,P_d1b165dd49,PシンデレラブレイドJQX,1.0,初期自動登録
Pジューシーハニー ハーレム MF,P_c855d014d2,Pジューシーハニー ハーレム MF,1.0,初期自動登録
Pジューシーハニー2 REY2,P_15ee898c13,Pジューシーハニー2 REY2,1.0,初期自動登録
Pジューシーハニー3 MGY2,P_f0a962e594,Pジューシーハニー3 MGY2,1.0,初期自動登録
Pジューシーハニー3 てんこ盛り連写RUSH RCY3,P_839ce7c035,Pジューシーハニー3 てんこ盛り連写RUSH RCY3,1.0,初期自動登録
Pストライクウィッチーズ2 129ver.,P_881e738923,Pストライクウィッチーズ2 129ver.,1.0,初期自動登録
Pストライクウィッチーズ2 HCL,P_276ff95e47,Pストライクウィッチーズ2 HCL,1.0,初期自動登録
PストリートファイターⅤ FRY,P_04f384ea93,PストリートファイターⅤ FRY,1.0,初期自動登録
PストリートファイターⅤ K.O.RUSH FMW,P_388b842b34,PストリートファイターⅤ K.O.RUSH FMW,1.0,初期自動登録
PストリートファイターⅤ K.O.RUSH LIGHT EDITION,P_682ac04d23,PストリートファイターⅤ K.O.RUSH LIGHT EDITION,1.0,初期自動登録
Pスーパーコンビ α7500,P_fb44839d2c,Pスーパーコンビ α7500,1.0,初期自動登録
Pゾンビランドサガ SCPC,P_84c6cd4a9f,Pゾンビランドサガ SCPC,1.0,初期自動登録
Pターミネーター2 TYPE 7500,P_60979f3ee6,Pターミネーター2 TYPE 7500,1.0,初期自動登録
Pダイナマイトキング ～無敵SPEC～ FN-T,P_82d92f38c5,Pダイナマイトキング ～無敵SPEC～ FN-T,1.0,初期自動登録
Pダンガンロンパ M6-V1,P_d1f14687bf,Pダンガンロンパ M6-V1,1.0,初期自動登録
Pツインループ花満開 XD,P_426ec542fc,Pツインループ花満開 XD,1.0,初期自動登録
Pデジハネ蒼天の拳 双龍 GSB,P_9e9ee7c6ba,Pデジハネ蒼天の拳 双龍 GSB,1.0,初期自動登録
Pデビルマン 疾風迅雷 129ver.,P_3c6cbd6580,Pデビルマン 疾風迅雷 129ver.,1.0,初期自動登録
Pデビルマン 疾風迅雷 S-X1 YT959,P_80c5883e83,Pデビルマン 疾風迅雷 S-X1 YT959,1.0,初期自動登録
Pデビルマン 黄金黙示録 N-K1 YT250,P_3c0693f246,Pデビルマン 黄金黙示録 N-K1 YT250,1.0,初期自動登録
Pデビルメイクライ4 OUT OF LIMIT AA,P_f8a0fe8ef3,Pデビルメイクライ4 OUT OF LIMIT AA,1.0,初期自動登録
Pデビルメイクライ4 クレイジーバトル MD,P_90966cf66a,Pデビルメイクライ4 クレイジーバトル MD,1.0,初期自動登録
Pドラムだ!金ドン 花火外伝 99ver.,P_f8a94b2d64,Pドラムだ!金ドン 花火外伝 99ver.,1.0,初期自動登録
Pドラムだ!金ドン 花火外伝 MP,P_c976d38f73,Pドラムだ!金ドン 花火外伝 MP,1.0,初期自動登録
Pドラム花火の源さん HCB,P_3b3191dc27,Pドラム花火の源さん HCB,1.0,初期自動登録
Pニュートキオ GREEN V1,P_f7b91ea215,Pニュートキオ GREEN V1,1.0,初期自動登録
Pネオモンスターハウス 99Ver.,P_9342396226,Pネオモンスターハウス 99Ver.,1.0,初期自動登録
PハイスクールD×D 真紅 MC,P_7ce2516ca0,PハイスクールD×D 真紅 MC,1.0,初期自動登録
Pハイスクール・フリート MA,P_8c0d8a7b02,Pハイスクール・フリート MA,1.0,初期自動登録
Pハイスクール・フリート オールスター MH,P_76fb2841e6,Pハイスクール・フリート オールスター MH,1.0,初期自動登録
Pハネモノ ファミリースタジアム MD,P_edb2f314fa,Pハネモノ ファミリースタジアム MD,1.0,初期自動登録
Pバイオハザード RE:2 H1YZ3,P_8873c01a69,Pバイオハザード RE:2 H1YZ3,1.0,初期自動登録
Pバイオハザード RE:2 LTver.,P_e2794a4cb7,Pバイオハザード RE:2 LTver.,1.0,初期自動登録
Pバキ 319ver.,P_c436a44df5,Pバキ 319ver.,1.0,初期自動登録
Pバベル5000 MN,P_6cb57855fc,Pバベル5000 MN,1.0,初期自動登録
Pバンドリ! H1YZ4,P_43a13a6901,Pバンドリ! H1YZ4,1.0,初期自動登録
Pバンドリ! Light ver.,P_a79177c1da,Pバンドリ! Light ver.,1.0,初期自動登録
Pバーストエンジェル3 199Ver,P_db50b0a068,Pバーストエンジェル3 199Ver,1.0,初期自動登録
Pパイレーツオブダイナマイトキング AG-JJJS,P_cc68049e83,Pパイレーツオブダイナマイトキング AG-JJJS,1.0,初期自動登録
Pパチンコ閃乱カグラ2 胸躍る199Ver.,P_1e79bba9b5,Pパチンコ閃乱カグラ2 胸躍る199Ver.,1.0,初期自動登録
PパトラッシュV GREEN,P_26032b6353,PパトラッシュV GREEN,1.0,初期自動登録
PパトラッシュV RED,P_4a79137f64,PパトラッシュV RED,1.0,初期自動登録
Pビッグドリーム2 激神 199ver.,P_12a981ac4e,Pビッグドリーム2 激神 199ver.,1.0,初期自動登録
Pビッグドリーム2 激神 GFE,P_eed4f9a549,Pビッグドリーム2 激神 GFE,1.0,初期自動登録
Pビッグドリーム3 77ver.,P_5ee67f9752,Pビッグドリーム3 77ver.,1.0,初期自動登録
Pビッグドリーム3 SFJJ,P_de2ddc3862,Pビッグドリーム3 SFJJ,1.0,初期自動登録
Pビビッドレッド・オペレーション M-K YT599,P_535f09d1b6,Pビビッドレッド・オペレーション M-K YT599,1.0,初期自動登録
Pフィーバー バイオハザード リベレーションズ2 Z,P_03f92f84b1,Pフィーバー バイオハザード リベレーションズ2 Z,1.0,初期自動登録
Pフィーバー 機動戦士ガンダムユニコーン b,P_c870456931,Pフィーバー 機動戦士ガンダムユニコーン b,1.0,初期自動登録
Pフィーバーありふれた職業で世界最強 Light ver.,P_5fad1cdf5e,Pフィーバーありふれた職業で世界最強 Light ver.,1.0,初期自動登録
Pフィーバーありふれた職業で世界最強 R,P_a03dc13262,Pフィーバーありふれた職業で世界最強 R,1.0,初期自動登録
Pフィーバーうたわれるもの 199ver.,P_0751ce8fff,Pフィーバーうたわれるもの 199ver.,1.0,初期自動登録
Pフィーバーうたわれるもの LT-Light ver.,P_b15dbb2aa7,Pフィーバーうたわれるもの LT-Light ver.,1.0,初期自動登録
Pフィーバーかぐや様は告らせたい R,P_0f7aab4ee3,Pフィーバーかぐや様は告らせたい R,1.0,初期自動登録
Pフィーバーからくりサーカス Light ver.,P_d0f09565ca,Pフィーバーからくりサーカス Light ver.,1.0,初期自動登録
Pフィーバーからくりサーカス V,P_feaa7b5ac9,Pフィーバーからくりサーカス V,1.0,初期自動登録
Pフィーバーアイドルマスター ミリオンライブ! 39フェスver.,P_ba2039bc96,Pフィーバーアイドルマスター ミリオンライブ! 39フェスver.,1.0,初期自動登録
Pフィーバーアイドルマスター ミリオンライブ! PREMIUM 39LIVE TOUR,P_d766d1dc3d,Pフィーバーアイドルマスター ミリオンライブ! PREMIUM 39LIVE TOUR,1.0,初期自動登録
PフィーバーアクエリオンW 気持ちいい～！ver.,P_919b5770b4,PフィーバーアクエリオンW 気持ちいい～！ver.,1.0,初期自動登録
Pフィーバーアクエリオン極合体 F,P_384f0afa4e,Pフィーバーアクエリオン極合体 F,1.0,初期自動登録
PフィーバークィーンRUSH Y,P_6cafee2f00,PフィーバークィーンRUSH Y,1.0,初期自動登録
PフィーバークィーンⅡ,P_bd92e83927,PフィーバークィーンⅡ,1.0,初期自動登録
PフィーバークィーンⅡ YS,P_9ff346e1d3,PフィーバークィーンⅡ YS,1.0,初期自動登録
PフィーバークィーンⅡ30th ANNIVERSARY EDITION V,P_8cf6c835e2,PフィーバークィーンⅡ30th ANNIVERSARY EDITION V,1.0,初期自動登録
Pフィーバーゴルゴ13 Light ver.(2022年),P_313d6fa831,Pフィーバーゴルゴ13 Light ver.(2022年),1.0,初期自動登録
Pフィーバーゴルゴ13 疾風Ver.,P_f4be5be20c,Pフィーバーゴルゴ13 疾風Ver.,1.0,初期自動登録
Pフィーバーゴルゴ13 疾風マシンガンVer.,P_273f40acd5,Pフィーバーゴルゴ13 疾風マシンガンVer.,1.0,初期自動登録
Pフィーバースプラッシュ×スプラッシュ,P_43f657c042,Pフィーバースプラッシュ×スプラッシュ,1.0,初期自動登録
PフィーバータイガーマスクW Light ver.,P_ddda43b1f6,PフィーバータイガーマスクW Light ver.,1.0,初期自動登録
PフィーバータイガーマスクW R,P_bd21644022,PフィーバータイガーマスクW R,1.0,初期自動登録
Pフィーバーダンジョンに出会いを求めるのは間違っているだろうか F,P_40cd476bd1,Pフィーバーダンジョンに出会いを求めるのは間違っているだろうか F,1.0,初期自動登録
Pフィーバーダンベル何キロ持てる? V,P_7eff5bfa38,Pフィーバーダンベル何キロ持てる? V,1.0,初期自動登録
Pフィーバートータル・イクリプス V,P_66ca2abedf,Pフィーバートータル・イクリプス V,1.0,初期自動登録
PフィーバーパワフルⅢ-F,P_23df97a637,PフィーバーパワフルⅢ-F,1.0,初期自動登録
PフィーバーマクロスΔ A,P_e39b7216e0,PフィーバーマクロスΔ A,1.0,初期自動登録
PフィーバーマクロスΔ F,P_56e51609d4,PフィーバーマクロスΔ F,1.0,初期自動登録
PフィーバーマクロスΔ V-ラッシュver.,P_04ef37c15c,PフィーバーマクロスΔ V-ラッシュver.,1.0,初期自動登録
Pフィーバーマクロスフロンティア4 A,P_75d3287fa6,Pフィーバーマクロスフロンティア4 A,1.0,初期自動登録
Pフィーバーマクロスフロンティア5 LT-Light ver.,P_762afea842,Pフィーバーマクロスフロンティア5 LT-Light ver.,1.0,初期自動登録
Pフィーバーマクロスフロンティア5 W,P_82d90d4eba,Pフィーバーマクロスフロンティア5 W,1.0,初期自動登録
Pフィーバー三国戦騎 7500,P_14f78cbba7,Pフィーバー三国戦騎 7500,1.0,初期自動登録
Pフィーバー彼女、お借りします LT-Light ver.,P_55a343bd0a,Pフィーバー彼女、お借りします LT-Light ver.,1.0,初期自動登録
Pフィーバー戦姫絶唱シンフォギア LIGHT ver. 遊タイム付,P_1ea70f3acc,Pフィーバー戦姫絶唱シンフォギア LIGHT ver. 遊タイム付,1.0,初期自動登録
Pフィーバー戦姫絶唱シンフォギア2,P_cd1f0b1b4c,Pフィーバー戦姫絶唱シンフォギア2,1.0,初期自動登録
Pフィーバー戦姫絶唱シンフォギア2 1/230 ver.,P_b23cee3203,Pフィーバー戦姫絶唱シンフォギア2 1/230 ver.,1.0,初期自動登録
Pフィーバー戦姫絶唱シンフォギア2 1/77ver.,P_b26cb833f2,Pフィーバー戦姫絶唱シンフォギア2 1/77ver.,1.0,初期自動登録
Pフィーバー戦姫絶唱シンフォギア3 黄金絶唱 LIGHT ver.,P_8ea6bba02c,Pフィーバー戦姫絶唱シンフォギア3 黄金絶唱 LIGHT ver.,1.0,初期自動登録
Pフィーバー戦姫絶唱シンフォギア3 黄金絶唱 N,P_84f720a264,Pフィーバー戦姫絶唱シンフォギア3 黄金絶唱 N,1.0,初期自動登録
Pフィーバー戦姫絶唱シンフォギア4 199ver.,P_3f9b00a6fb,Pフィーバー戦姫絶唱シンフォギア4 199ver.,1.0,初期自動登録
Pフィーバー戦姫絶唱シンフォギア4 LT-Light ver.,P_184fa99935,Pフィーバー戦姫絶唱シンフォギア4 LT-Light ver.,1.0,初期自動登録
Pフィーバー戦姫絶唱シンフォギア4 Light ver.,P_09ae9f5555,Pフィーバー戦姫絶唱シンフォギア4 Light ver.,1.0,初期自動登録
Pフィーバー機動戦士ガンダム 逆襲のシャア Z,P_d83b1dae83,Pフィーバー機動戦士ガンダム 逆襲のシャア Z,1.0,初期自動登録
Pフィーバー機動戦士ガンダムSEED LT-Light ver.,P_cd9a3ab216,Pフィーバー機動戦士ガンダムSEED LT-Light ver.,1.0,初期自動登録
Pフィーバー機動戦士ガンダムSEED S,P_ca9c22add3,Pフィーバー機動戦士ガンダムSEED S,1.0,初期自動登録
Pフィーバー機動戦士ガンダムユニコーン b,P_4edde606a7,Pフィーバー機動戦士ガンダムユニコーン b,1.0,初期自動登録
Pフィーバー機動戦士ガンダムユニコーン 再来 -白き一角獣と黒き獅子- S,P_b7812d103c,Pフィーバー機動戦士ガンダムユニコーン 再来 -白き一角獣と黒き獅子- S,1.0,初期自動登録
Pフィーバー機動戦士ガンダムユニコーン 再来 129ver.,P_d8ea3a3144,Pフィーバー機動戦士ガンダムユニコーン 再来 129ver.,1.0,初期自動登録
Pフィーバー機動戦士ガンダムユニコーン再来 129ver.,P_ebbb1bbba9,Pフィーバー機動戦士ガンダムユニコーン再来 129ver.,1.0,初期自動登録
Pフィーバー炎炎ノ消防隊 G,P_79c8cede5f,Pフィーバー炎炎ノ消防隊 G,1.0,初期自動登録
Pフィーバー炎炎ノ消防隊 Light ver.,P_74ae0af22c,Pフィーバー炎炎ノ消防隊 Light ver.,1.0,初期自動登録
Pフィーバー真花月2 夜桜バージョン,P_658308aa74,Pフィーバー真花月2 夜桜バージョン,1.0,初期自動登録
Pブラックラグーン4 EXTRA BULLET 129ver.,P_038d4ce936,Pブラックラグーン4 EXTRA BULLET 129ver.,1.0,初期自動登録
Pブラックラグーン4 GFPJ,P_636e3f4cc9,Pブラックラグーン4 GFPJ,1.0,初期自動登録
Pベルセルク無双 119ver.,P_9fa6f61b53,Pベルセルク無双 119ver.,1.0,初期自動登録
Pベルセルク無双 M-Z,P_2bd798c51d,Pベルセルク無双 M-Z,1.0,初期自動登録
Pベルセルク無双 冥府魔道ver. M12-Z,P_3478c96c9f,Pベルセルク無双 冥府魔道ver. M12-Z,1.0,初期自動登録
Pホームランキング 9AV2S,P_2fb22b15ff,Pホームランキング 9AV2S,1.0,初期自動登録
Pホー助くん YKBU2,P_772782b55d,Pホー助くん YKBU2,1.0,初期自動登録
Pポチッと一発!おだてブタ2 V1,P_548059b053,Pポチッと一発!おだてブタ2 V1,1.0,初期自動登録
Pミニミニモンスター4 a,P_ca5b37d105,Pミニミニモンスター4 a,1.0,初期自動登録
Pメイドインアビス 奈落の連環蝕 SL,P_7a36920ce2,Pメイドインアビス 奈落の連環蝕 SL,1.0,初期自動登録
Pメイドインアビス 虹の黄金域 MR,P_1012e3a05c,Pメイドインアビス 虹の黄金域 MR,1.0,初期自動登録
Pモモキュンソード GC250A,P_9a32b093a9,Pモモキュンソード GC250A,1.0,初期自動登録
Pモモキュンソード MC,P_16a0b81006,Pモモキュンソード MC,1.0,初期自動登録
Pモモキュンソード 閃撃 GCA,P_c9560dd14f,Pモモキュンソード 閃撃 GCA,1.0,初期自動登録
Pモモキュンソード 閃撃 MD,P_6769043f2b,Pモモキュンソード 閃撃 MD,1.0,初期自動登録
Pモンスターハンター ダブルクロス SFB,P_41262ac527,Pモンスターハンター ダブルクロス SFB,1.0,初期自動登録
Pモンスターハンター ダブルクロス 連続狩猟ver.,P_d15e86873f,Pモンスターハンター ダブルクロス 連続狩猟ver.,1.0,初期自動登録
Pモンスターハンターライズ GRPG,P_7bd332f52a,Pモンスターハンターライズ GRPG,1.0,初期自動登録
PヤッターマンVVV-YCE,P_6cae47fc04,PヤッターマンVVV-YCE,1.0,初期自動登録
Pラブ嬢 ～極嬢のハーレム体験～ 129ver.,P_da8d16ffa2,Pラブ嬢 ～極嬢のハーレム体験～ 129ver.,1.0,初期自動登録
Pラブ嬢 ～極嬢のハーレム体験～ H1YZ6,P_3b6d28d295,Pラブ嬢 ～極嬢のハーレム体験～ H1YZ6,1.0,初期自動登録
Pラブ嬢～極嬢のハーレム体験～ H1YZ6,P_9265efdbe4,Pラブ嬢～極嬢のハーレム体験～ H1YZ6,1.0,初期自動登録
Pリアル鬼ごっこ2 全力疾走チャージ王様ver.,P_c3097c5966,Pリアル鬼ごっこ2 全力疾走チャージ王様ver.,1.0,初期自動登録
Pリアル鬼ごっこ2 全力疾走チャージ鬼Ver.,P_0f4e524fc6,Pリアル鬼ごっこ2 全力疾走チャージ鬼Ver.,1.0,初期自動登録
Pリング バースデイ 呪いの始まり FRX設定付,P_ac1de0b880,Pリング バースデイ 呪いの始まり FRX設定付,1.0,初期自動登録
Pリング 呪いの7日間2 FSA,P_6e4a656545,Pリング 呪いの7日間2 FSA,1.0,初期自動登録
Pリング 呪いの7日間2 JN,P_12ee52f887,Pリング 呪いの7日間2 JN,1.0,初期自動登録
Pリング 呪いの7日間3 JMA,P_36d762d583,Pリング 呪いの7日間3 JMA,1.0,初期自動登録
Pリング 呪いの7日間3 ラッキートリガーVer.,P_0f0190eef0,Pリング 呪いの7日間3 ラッキートリガーVer.,1.0,初期自動登録
Pリング 呪いの7日間3 甘デジver.,P_e3ef5bb302,Pリング 呪いの7日間3 甘デジver.,1.0,初期自動登録
Pワイルドロデオ 6750だぜぇ S2,P_54d5848824,Pワイルドロデオ 6750だぜぇ S2,1.0,初期自動登録
Pワンパンマン 199ver.,P_d14aa248d1,Pワンパンマン 199ver.,1.0,初期自動登録
Pワンパンマン L3-MX,P_a67875af2c,Pワンパンマン L3-MX,1.0,初期自動登録
Pヱヴァンゲリヲン13 プレミアムモデル,P_281b70efe2,Pヱヴァンゲリヲン13 プレミアムモデル,1.0,初期自動登録
P一球魂GOLDピラミッ伝 V1E,P_482801e9f2,P一球魂GOLDピラミッ伝 V1E,1.0,初期自動登録
P一騎当千SS斬 呂蒙Ver.,P_bdced12cf2,P一騎当千SS斬 呂蒙Ver.,1.0,初期自動登録
P一騎当千SS斬 孫策Ver.,P_8c56360629,P一騎当千SS斬 孫策Ver.,1.0,初期自動登録
P一騎当千サバイバルソルジャー 甘デジVer.,P_589a5a4ed5,P一騎当千サバイバルソルジャー 甘デジVer.,1.0,初期自動登録
P七つの大罪2 GFPA,P_109ac77faf,P七つの大罪2 GFPA,1.0,初期自動登録
P七つの大罪2 神千斬りVER.,P_d49ba3077b,P七つの大罪2 神千斬りVER.,1.0,初期自動登録
P七つの美徳 ゴールデンエンジェルタイム V1G,P_b60525a266,P七つの美徳 ゴールデンエンジェルタイム V1G,1.0,初期自動登録
P七つの美徳 ゴールデンエンジェルタイム スイート99Ver.,P_1b30219738,P七つの美徳 ゴールデンエンジェルタイム スイート99Ver.,1.0,初期自動登録
P世界でいちばん強くなりたい! MU,P_aa18d61d63,P世界でいちばん強くなりたい! MU,1.0,初期自動登録
P世界でいちばん強くなりたい! W悶STARver,P_716c87edd3,P世界でいちばん強くなりたい! W悶STARver,1.0,初期自動登録
P世界最高の暗殺者、異世界貴族に転生する JMB,P_06075322f3,P世界最高の暗殺者、異世界貴族に転生する JMB,1.0,初期自動登録
P世紀末・天才バカボン～神SPEC 凱旋～ FM-JV,P_0486e1557d,P世紀末・天才バカボン～神SPEC 凱旋～ FM-JV,1.0,初期自動登録
P世紀末・天才バカボン～福神SPEC～ LTH-JH,P_533ff48516,P世紀末・天才バカボン～福神SPEC～ LTH-JH,1.0,初期自動登録
P中森明菜・歌姫伝説 THE BEST LEGEND 1/199ver,P_b9500788b7,P中森明菜・歌姫伝説 THE BEST LEGEND 1/199ver,1.0,初期自動登録
P中森明菜・歌姫伝説 THE BEST LEGEND 1/99ver,P_d1bea83e7a,P中森明菜・歌姫伝説 THE BEST LEGEND 1/99ver,1.0,初期自動登録
P中森明菜・歌姫伝説 THE BEST LEGEND4 LM-T,P_6e917f479a,P中森明菜・歌姫伝説 THE BEST LEGEND4 LM-T,1.0,初期自動登録
P中森明菜・歌姫伝説～BLACK DIVA 愛～ KD-NS,P_ce4cc658df,P中森明菜・歌姫伝説～BLACK DIVA 愛～ KD-NS,1.0,初期自動登録
P中森明菜・歌姫伝説～BLACK DIVA 極～ KM-TF,P_275b334573,P中森明菜・歌姫伝説～BLACK DIVA 極～ KM-TF,1.0,初期自動登録
P乗物娘 WITH CYBERJAPAN(R) DANCERS M5-K1,P_cc097a47a1,P乗物娘 WITH CYBERJAPAN(R) DANCERS M5-K1,1.0,初期自動登録
P乗物娘 with CYBER JAPAN DANCERS 2nd season LM3,P_ebd56c4f31,P乗物娘 with CYBER JAPAN DANCERS 2nd season LM3,1.0,初期自動登録
P亜人～衝戟に備えろ!～ 199ver.,P_884a53516f,P亜人～衝戟に備えろ!～ 199ver.,1.0,初期自動登録
P亜人～衝戟の全突フルスペック!～ 319ver.,P_7b49007521,P亜人～衝戟の全突フルスペック!～ 319ver.,1.0,初期自動登録
P交響詩篇エウレカセブン ANEMONE SFPA,P_fa81c32791,P交響詩篇エウレカセブン ANEMONE SFPA,1.0,初期自動登録
P交響詩篇エウレカセブン HI-EVOLUTION ZERO SEJD,P_62c79b29b9,P交響詩篇エウレカセブン HI-EVOLUTION ZERO SEJD,1.0,初期自動登録
P俺の妹がこんなに可愛いわけがない。 攻略!!スキップ159ver.,P_89e84b3283,P俺の妹がこんなに可愛いわけがない。 攻略!!スキップ159ver.,1.0,初期自動登録
P元祖ギンギラパラダイス HCB,P_154f731dc5,P元祖ギンギラパラダイス HCB,1.0,初期自動登録
P元祖大工の源さん 199ver.,P_a4f38121a8,P元祖大工の源さん 199ver.,1.0,初期自動登録
P冴えない彼女の育てかた 99ver.,P_a146d43c44,P冴えない彼女の育てかた 99ver.,1.0,初期自動登録
P刀使ノ巫女 MHa,P_06a8789c62,P刀使ノ巫女 MHa,1.0,初期自動登録
P化物語 199ver.,P_a842459e76,P化物語 199ver.,1.0,初期自動登録
P化物語 319ver.,P_88ecc45a24,P化物語 319ver.,1.0,初期自動登録
P咲-Saki-全国編 HTG,P_b559cd62e0,P咲-Saki-全国編 HTG,1.0,初期自動登録
P咲-Saki-全国編 テンパイ即リーver.,P_ebf0f9f465,P咲-Saki-全国編 テンパイ即リーver.,1.0,初期自動登録
P哲也 AM-JV,P_09b611741c,P哲也 AM-JV,1.0,初期自動登録
P地獄少女 Light,P_b27aeafc4a,P地獄少女 Light,1.0,初期自動登録
P地獄少女 きくりのお祭りLIVE FWA,P_4b11808f4d,P地獄少女 きくりのお祭りLIVE FWA,1.0,初期自動登録
P地獄少女 四 JG,P_238c23d7bf,P地獄少女 四 JG,1.0,初期自動登録
P地獄少女 華 FMB,P_c5f2057bcd,P地獄少女 華 FMB,1.0,初期自動登録
P地獄少女覚醒 3000Ver.,P_e914bcf45b,P地獄少女覚醒 3000Ver.,1.0,初期自動登録
P大工の源さん 超韋駄天 BLACK CS,P_e2ba910aee,P大工の源さん 超韋駄天 BLACK CS,1.0,初期自動登録
P大工の源さん 超韋駄天 LIGHT,P_cbac296c1d,P大工の源さん 超韋駄天 LIGHT,1.0,初期自動登録
P大工の源さん 超韋駄天 YTA,P_b31705e320,P大工の源さん 超韋駄天 YTA,1.0,初期自動登録
P大工の源さん超韋駄天2 極源LighT,P_21372e7b98,P大工の源さん超韋駄天2 極源LighT,1.0,初期自動登録
P大開王 X,P_23119d27b5,P大開王 X,1.0,初期自動登録
P天昇!姫相撲 大横綱ver,P_7653ab6c1a,P天昇!姫相撲 大横綱ver,1.0,初期自動登録
P天龍∞2 V,P_4b5a915e44,P天龍∞2 V,1.0,初期自動登録
P宇宙戦艦ヤマト2202 -ONLY ONE- LIGHT ver.,P_81c8ea0d71,P宇宙戦艦ヤマト2202 -ONLY ONE- LIGHT ver.,1.0,初期自動登録
P宇宙戦艦ヤマト2202 -ONLY ONE- R,P_7ce8620071,P宇宙戦艦ヤマト2202 -ONLY ONE- R,1.0,初期自動登録
P宇宙戦艦ヤマト2202 愛の戦士たち Light ver.,P_f19aebb9b6,P宇宙戦艦ヤマト2202 愛の戦士たち Light ver.,1.0,初期自動登録
P宇宙戦艦ヤマト2202 愛の戦士たち bS,P_bcbc3e282c,P宇宙戦艦ヤマト2202 愛の戦士たち bS,1.0,初期自動登録
P少女☆歌劇 レヴュースタァライト ラッキートリガー4500,P_6a3c77949d,P少女☆歌劇 レヴュースタァライト ラッキートリガー4500,1.0,初期自動登録
P巨人の星 一球入魂 3000,P_5cef80d34a,P巨人の星 一球入魂 3000,1.0,初期自動登録
P巨人の星～栄光の軌跡～ 連戦連勝version,P_9840ce3a5b,P巨人の星～栄光の軌跡～ 連戦連勝version,1.0,初期自動登録
P弾球黙示録カイジ5 電撃チャージVer.A,P_63f336d1a4,P弾球黙示録カイジ5 電撃チャージVer.A,1.0,初期自動登録
P弾球黙示録カイジ沼4 ざわ・・・Ver.,P_294867df92,P弾球黙示録カイジ沼4 ざわ・・・Ver.,1.0,初期自動登録
P弾球黙示録カイジ沼5 V1U,P_d60fbd711c,P弾球黙示録カイジ沼5 V1U,1.0,初期自動登録
P弾球黙示録カイジ沼5 ざわっ・・・79Ver.,P_5fe9bbdbac,P弾球黙示録カイジ沼5 ざわっ・・・79Ver.,1.0,初期自動登録
P弾球黙示録カイジ沼４ カイジVer.,P_e3d890073f,P弾球黙示録カイジ沼４ カイジVer.,1.0,初期自動登録
P忍者ハットリくん～決戦!サイバーからくり城の巻～ 上忍ver.,P_c032bd5713,P忍者ハットリくん～決戦!サイバーからくり城の巻～ 上忍ver.,1.0,初期自動登録
P忍者ハットリくん～決戦!サイバーからくり城の巻～ 中忍ver.,P_d8978cb098,P忍者ハットリくん～決戦!サイバーからくり城の巻～ 中忍ver.,1.0,初期自動登録
P愛の不時着 MF,P_89c16d5115,P愛の不時着 MF,1.0,初期自動登録
P戦国BASARA L4-7V1,P_a63dbfbbdc,P戦国BASARA L4-7V1,1.0,初期自動登録
P戦国†恋姫 Vチャージver JCC,P_f6d1fcbca9,P戦国†恋姫 Vチャージver JCC,1.0,初期自動登録
P攻殻機動隊SAC_2045 199LTver.,P_01fb6caa9d,P攻殻機動隊SAC_2045 199LTver.,1.0,初期自動登録
P攻殻機動隊SAC_2045 大入りLTver,P_152cbf4fe5,P攻殻機動隊SAC_2045 大入りLTver,1.0,初期自動登録
P新・遠山の金さん 77Ver.,P_eb8c98b3cb,P新・遠山の金さん 77Ver.,1.0,初期自動登録
P新・遠山の金さん JQC,P_287e66a832,P新・遠山の金さん JQC,1.0,初期自動登録
P新日本プロレスリング L6AU3S,P_e4a4574ac6,P新日本プロレスリング L6AU3S,1.0,初期自動登録
P新鬼武者 H1YZ3,P_ea6cccd6cf,P新鬼武者 H1YZ3,1.0,初期自動登録
P新鬼武者 甘デジ,P_7d6fdd06a1,P新鬼武者 甘デジ,1.0,初期自動登録
P春一番～恋絵巻～ 199ver.,P_910acbd100,P春一番～恋絵巻～ 199ver.,1.0,初期自動登録
P春夏秋冬 GLB,P_f85e142630,P春夏秋冬 GLB,1.0,初期自動登録
P暴れん坊将軍 炎獄鬼神の怪 FW設定付,P_bcd41dbbcc,P暴れん坊将軍 炎獄鬼神の怪 FW設定付,1.0,初期自動登録
P水戸黄門 超極上 らいとばーじょん,P_32b37e46b6,P水戸黄門 超極上 らいとばーじょん,1.0,初期自動登録
P江頭2:50inナナシーLT V3,P_04ef856ceb,P江頭2:50inナナシーLT V3,1.0,初期自動登録
P沖7 BLACK,P_2e61bcfd19,P沖7 BLACK,1.0,初期自動登録
P清流物語4 ヌシを求めて4000匹 HLC,P_dbb60b1bfa,P清流物語4 ヌシを求めて4000匹 HLC,1.0,初期自動登録
P火曜サスペンス劇場3 最後の推理 GFC,P_84d5f0d0e7,P火曜サスペンス劇場3 最後の推理 GFC,1.0,初期自動登録
P炎のドラム魂 GA,P_598cc185a7,P炎のドラム魂 GA,1.0,初期自動登録
P烈火の炎3 H1AZ4,P_02eedd8be5,P烈火の炎3 H1AZ4,1.0,初期自動登録
P烈火の炎3 甘デジVer.,P_153ff92ee6,P烈火の炎3 甘デジVer.,1.0,初期自動登録
P犬夜叉2 FM-N,P_0508e67276,P犬夜叉2 FM-N,1.0,初期自動登録
P甲鉄城のカバネリ 319 覚醒Ver.,P_4c9f04893b,P甲鉄城のカバネリ 319 覚醒Ver.,1.0,初期自動登録
P甲鉄城のカバネリ ～4000連激ver.～,P_7856162d51,P甲鉄城のカバネリ ～4000連激ver.～,1.0,初期自動登録
P異世界魔王と召喚少女の奴隷魔術 L3-X,P_5512711e34,P異世界魔王と召喚少女の奴隷魔術 L3-X,1.0,初期自動登録
P痛いのは嫌なので防御力に極振りしたいと思います。 FHZ,P_515da1e54d,P痛いのは嫌なので防御力に極振りしたいと思います。 FHZ,1.0,初期自動登録
P痛いのは嫌なので防御力に極振りしたいと思います。 極振り129ver,P_acc0c1edb3,P痛いのは嫌なので防御力に極振りしたいと思います。 極振り129ver,1.0,初期自動登録
P百花繚乱 FM-JF,P_95a989881e,P百花繚乱 FM-JF,1.0,初期自動登録
P百花繚乱 ご奉仕129ver.,P_a3a6e2ab71,P百花繚乱 ご奉仕129ver.,1.0,初期自動登録
P盾の勇者の成り上がり GFPC,P_6e0de63d8a,P盾の勇者の成り上がり GFPC,1.0,初期自動登録
P真 黄門ちゃま 9YU1Y,P_55a7b09ddc,P真 黄門ちゃま 9YU1Y,1.0,初期自動登録
P真 黄門ちゃま H1AZ5,P_2727f04585,P真 黄門ちゃま H1AZ5,1.0,初期自動登録
P真シャカRUSH G,P_e2b4ee2f88,P真シャカRUSH G,1.0,初期自動登録
P真・一騎当千 FM-V,P_0e2c03fbb3,P真・一騎当千 FM-V,1.0,初期自動登録
P真・一騎当千 Light Ver.,P_9cab620240,P真・一騎当千 Light Ver.,1.0,初期自動登録
P真・一騎当千～桃園の誓い～ 199LTver.,P_0dc887feeb,P真・一騎当千～桃園の誓い～ 199LTver.,1.0,初期自動登録
P真・一騎当千～桃園の誓い～ FM-JT,P_107c39babb,P真・一騎当千～桃園の誓い～ FM-JT,1.0,初期自動登録
P真・一騎当千～桃園の誓い～129ver.,P_d812aabdfa,P真・一騎当千～桃園の誓い～129ver.,1.0,初期自動登録
P真・怪獣王ゴジラ2 L2-K,P_e04c30da22,P真・怪獣王ゴジラ2 L2-K,1.0,初期自動登録
P真・暴れん坊将軍 双撃 FMG,P_898aac5ff7,P真・暴れん坊将軍 双撃 FMG,1.0,初期自動登録
P真速のガッチャマン XINN,P_768492e8fb,P真速のガッチャマン XINN,1.0,初期自動登録
P神・天才バカボン ～神 SPEC～,P_efce1c83c7,P神・天才バカボン ～神 SPEC～,1.0,初期自動登録
P神・天才バカボン ～神 SPEC～ FN-F,P_9380148896,P神・天才バカボン ～神 SPEC～ FN-F,1.0,初期自動登録
P神・天才バカボン～甘神SPEC～ FD-RS,P_7a0c6815a0,P神・天才バカボン～甘神SPEC～ FD-RS,1.0,初期自動登録
P神・天才バカボン～神SPEC～ FN-F,P_19be1b821e,P神・天才バカボン～神SPEC～ FN-F,1.0,初期自動登録
P笑ゥせぇるすまん 最後の忠告 -今日のお客様はあなたです- MPY2,P_92bb0775c0,P笑ゥせぇるすまん 最後の忠告 -今日のお客様はあなたです- MPY2,1.0,初期自動登録
P笑点 目指せ!座布団10枚 MU,P_5eeffbf9e2,P笑点 目指せ!座布団10枚 MU,1.0,初期自動登録
P結城友奈は勇者である MAa,P_1eaca5c924,P結城友奈は勇者である MAa,1.0,初期自動登録
P絶超電役ドラドラ天国 2400,P_96ddc5649d,P絶超電役ドラドラ天国 2400,1.0,初期自動登録
P緋弾のアリア ～緋緋神降臨～ 199Ver.,P_72800d6667,P緋弾のアリア ～緋緋神降臨～ 199Ver.,1.0,初期自動登録
P緋弾のアリア ～緋緋神降臨～ 88Ver.,P_8487e24a8c,P緋弾のアリア ～緋緋神降臨～ 88Ver.,1.0,初期自動登録
P緋弾のアリア ～緋緋神降臨～ ラッキートリガーVer.,P_1d173849d5,P緋弾のアリア ～緋緋神降臨～ ラッキートリガーVer.,1.0,初期自動登録
P緋弾のアリア～緋弾覚醒編～ 319Ver.,P_53403a3922,P緋弾のアリア～緋弾覚醒編～ 319Ver.,1.0,初期自動登録
P緋弾のアリア～緋弾覚醒編～ FVA,P_415d6e0bc2,P緋弾のアリア～緋弾覚醒編～ FVA,1.0,初期自動登録
P織田信奈の野望 全国版 MGa,P_e99ad3c54c,P織田信奈の野望 全国版 MGa,1.0,初期自動登録
P羽根モノ スカイレーサー DX,P_00dcf0d6ee,P羽根モノ スカイレーサー DX,1.0,初期自動登録
P聖戦士ダンバイン2 -ZEROLIMIT HYPER- HSFJA,P_2e381436bd,P聖戦士ダンバイン2 -ZEROLIMIT HYPER- HSFJA,1.0,初期自動登録
P聖闘士星矢 超流星 LIGHT,P_4d6f33b053,P聖闘士星矢 超流星 LIGHT,1.0,初期自動登録
P聖闘士星矢 超流星 女神ゴールドver. 1500,P_1c0477afaa,P聖闘士星矢 超流星 女神ゴールドver. 1500,1.0,初期自動登録
P聖闘士星矢 超流星 星矢ゴールドver. 92%,P_acdac68101,P聖闘士星矢 超流星 星矢ゴールドver. 92%,1.0,初期自動登録
P花満開 月光 THE FINAL,P_172ddd6f2a,P花満開 月光 THE FINAL,1.0,初期自動登録
P華牌R～猿渡翔がローズテイルにやってきた～ Y2F,P_869066a2f5,P華牌R～猿渡翔がローズテイルにやってきた～ Y2F,1.0,初期自動登録
P蒼天の拳 双龍 SFG,P_ece81022c3,P蒼天の拳 双龍 SFG,1.0,初期自動登録
P蒼天の拳 天刻 GEA,P_3ead4cecfe,P蒼天の拳 天刻 GEA,1.0,初期自動登録
P覇穹 封神演義 DL3-MX,P_b967a1505c,P覇穹 封神演義 DL3-MX,1.0,初期自動登録
P豊丸ととある企業の最新作2 SOD 99ver.,P_cc386d28c6,P豊丸ととある企業の最新作2 SOD 99ver.,1.0,初期自動登録
P貞子 FMD,P_ecdc91a565,P貞子 FMD,1.0,初期自動登録
P貞子3D 2～呪われた12時間～ S2B,P_b9078ddec8,P貞子3D 2～呪われた12時間～ S2B,1.0,初期自動登録
P貞子3D3 V1B,P_9b96780213,P貞子3D3 V1B,1.0,初期自動登録
P貞子vs伽椰子 頂上決戦 FUZ,P_eec5b0bbd2,P貞子vs伽椰子 頂上決戦 FUZ,1.0,初期自動登録
P転生したらスライムだった件 129ver.,P_e3df0fadd3,P転生したらスライムだった件 129ver.,1.0,初期自動登録
P転生したらスライムだった件 NB,P_2c76858376,P転生したらスライムだった件 NB,1.0,初期自動登録
P遠山の金さん2 遠山桜と華の密偵 JUD,P_49f0a7b31c,P遠山の金さん2 遠山桜と華の密偵 JUD,1.0,初期自動登録
P野生の王国GO 99ver.,P_79a938bc94,P野生の王国GO 99ver.,1.0,初期自動登録
P野生の王国GO M-T YT800,P_0905647d25,P野生の王国GO M-T YT800,1.0,初期自動登録
P鉄拳 極,P_cbe90449e1,P鉄拳 極,1.0,初期自動登録
P銀河鉄道999 GOLDEN 甘デジ,P_849287228b,P銀河鉄道999 GOLDEN 甘デジ,1.0,初期自動登録
P銀河鉄道999 Next Journey 1/100Ver.,P_e9fbf10ac8,P銀河鉄道999 Next Journey 1/100Ver.,1.0,初期自動登録
P銀河鉄道999 Next Journey H1AZ3,P_1adcdd63dd,P銀河鉄道999 Next Journey H1AZ3,1.0,初期自動登録
P銀河鉄道999 PREMIUM H1AU6,P_891d775e77,P銀河鉄道999 PREMIUM H1AU6,1.0,初期自動登録
P銭形平次2 V2L,P_aef1f73b7c,P銭形平次2 V2L,1.0,初期自動登録
P銭形平次3 DENKOUSEKKA 平次Ver.,P_7408a22bc8,P銭形平次3 DENKOUSEKKA 平次Ver.,1.0,初期自動登録
P銭形平次3 お静99,P_92b69bb099,P銭形平次3 お静99,1.0,初期自動登録
P閃乱カグラ 189大入りver.,P_c36fe4dc2f,P閃乱カグラ 189大入りver.,1.0,初期自動登録
P闘将覇伝 HSJ-W,P_c3b37e5ab9,P闘将覇伝 HSJ-W,1.0,初期自動登録
P頭文字D 2nd GFPG,P_a7d02a4799,P頭文字D 2nd GFPG,1.0,初期自動登録
P頭文字D Non-Stop 3000Edition GRPE,P_deea53d338,P頭文字D Non-Stop 3000Edition GRPE,1.0,初期自動登録
P頭文字D SEJG,P_84492af212,P頭文字D SEJG,1.0,初期自動登録
P魔王学院の不適合者 FMY,P_8bbad52a7d,P魔王学院の不適合者 FMY,1.0,初期自動登録
P鳳凰∞ 2,P_7ced35556a,P鳳凰∞ 2,1.0,初期自動登録
P麻雀物語4 77ver.,P_927fe5a1a2,P麻雀物語4 77ver.,1.0,初期自動登録
P麻雀物語4 M1AU1Y,P_9162ba081f,P麻雀物語4 M1AU1Y,1.0,初期自動登録
P黄門ちゃま寿限無 99ver.,P_1189fa97d9,P黄門ちゃま寿限無 99ver.,1.0,初期自動登録
P黄門ちゃま寿限無 LLサイズ 259ver.,P_92ba428d3d,P黄門ちゃま寿限無 LLサイズ 259ver.,1.0,初期自動登録
P黄門ちゃま神盛2 L9AZ1,P_94f20143f8,P黄門ちゃま神盛2 L9AZ1,1.0,初期自動登録
e RAVE 覚聖ループ JMC,P_21a0e5996c,e RAVE 覚聖ループ JMC,1.0,初期自動登録
e ULTRAMAN 2400★80,P_34a99c217d,e ULTRAMAN 2400★80,1.0,初期自動登録
e ULTRAMAN 4500超ライト,P_da61fd897a,e ULTRAMAN 4500超ライト,1.0,初期自動登録
e アズールレーン2 THE ANIMATION 超次元 K6,P_ebb5594b83,e アズールレーン2 THE ANIMATION 超次元 K6,1.0,初期自動登録
e シン・ウルトラマン K3,P_0c8530168f,e シン・ウルトラマン K3,1.0,初期自動登録
e スマパチ SSSS.GRIDMAN XVSM,P_b9ba349548,e スマパチ SSSS.GRIDMAN XVSM,1.0,初期自動登録
e スマパチ SSSS.GRIDMAN メガSTART 159ver.,P_cc64d61739,e スマパチ SSSS.GRIDMAN メガSTART 159ver.,1.0,初期自動登録
e ノーゲーム・ノーライフ 199Ver.,P_8d5668fa63,e ノーゲーム・ノーライフ 199Ver.,1.0,初期自動登録
e ノーゲーム・ノーライフ 319Ver.,P_bd533d8c84,e ノーゲーム・ノーライフ 319Ver.,1.0,初期自動登録
e バイオハザード6 APN,P_967eaacce0,e バイオハザード6 APN,1.0,初期自動登録
e ベルセルク無双 第2章 H3,P_f7a60e93fe,e ベルセルク無双 第2章 H3,1.0,初期自動登録
e 乃木坂46 Ⅱ K4,P_8fe77d3cd9,e 乃木坂46 Ⅱ K4,1.0,初期自動登録
e 乃木坂46 Ⅱ SWEET Version,P_977892bb56,e 乃木坂46 Ⅱ SWEET Version,1.0,初期自動登録
e 仮面ライダーBLACK KRJ2,P_942f88fc6a,e 仮面ライダーBLACK KRJ2,1.0,初期自動登録
e 仮面ライダー電王 KL12,P_9182d03d24,e 仮面ライダー電王 KL12,1.0,初期自動登録
e 仮面ライダー電王 デカヘソ239,P_2b9419ff94,e 仮面ライダー電王 デカヘソ239,1.0,初期自動登録
e 化物語 鬼99ver.,P_ce89b519ec,e 化物語 鬼99ver.,1.0,初期自動登録
e 学園黙示録ハイスクール・オブ・ザ・デッド3 V1A,P_e906c3d7de,e 学園黙示録ハイスクール・オブ・ザ・デッド3 V1A,1.0,初期自動登録
e 新・必殺仕置人S 超斬撃99,P_301c3e47ad,e 新・必殺仕置人S 超斬撃99,1.0,初期自動登録
e 犬夜叉3.0 LTM-TS,P_a7c61be61d,e 犬夜叉3.0 LTM-TS,1.0,初期自動登録
e 甲鉄城のカバネリ2 咲かせや燦然 GFEA,P_1b47bcd2f4,e 甲鉄城のカバネリ2 咲かせや燦然 GFEA,1.0,初期自動登録
e 盾の勇者の成り上がり アルティメット199ver.,P_7d4ca4a64a,e 盾の勇者の成り上がり アルティメット199ver.,1.0,初期自動登録
e 終末のワルキューレ EREA,P_3bf8ee0806,e 終末のワルキューレ EREA,1.0,初期自動登録
e 聖戦士ダンバイン3 ZEROSONIC GREA,P_2404fe9628,e 聖戦士ダンバイン3 ZEROSONIC GREA,1.0,初期自動登録
e86-エイティシックス- MAM2,P_7880fd1709,e86-エイティシックス- MAM2,1.0,初期自動登録
eうしおととら～神のせSPEC～ 150ver.,P_a9be3234e9,eうしおととら～神のせSPEC～ 150ver.,1.0,初期自動登録
eとある科学の超電磁砲 PHASE NEXT LT RSY,P_1a4b45900e,eとある科学の超電磁砲 PHASE NEXT LT RSY,1.0,初期自動登録
eとある科学の超電磁砲 PHASE NEXT LTRSY,P_41c2e679b8,eとある科学の超電磁砲 PHASE NEXT LTRSY,1.0,初期自動登録
eぱちんこ 新・必殺仕置人S 激闘K6,P_e8c350dcf0,eぱちんこ 新・必殺仕置人S 激闘K6,1.0,初期自動登録
eひきこまり吸血姫の悶々 FHV,P_157d26301d,eひきこまり吸血姫の悶々 FHV,1.0,初期自動登録
eまわるん超ワープ ギンギラパラダイス VIVA FESTA HTA2,P_2cd30f649b,eまわるん超ワープ ギンギラパラダイス VIVA FESTA HTA2,1.0,初期自動登録
eようこそ実力至上主義の教室へ MA,P_3d03eb465e,eようこそ実力至上主義の教室へ MA,1.0,初期自動登録
eアクダマドライブ EHLT,P_1f2ae4e51e,eアクダマドライブ EHLT,1.0,初期自動登録
eカケグルイ 7500ver,P_657ad4ab7e,eカケグルイ 7500ver,1.0,初期自動登録
eガールズ＆パンツァー 最終章 LAH1,P_ecca44c975,eガールズ＆パンツァー 最終章 LAH1,1.0,初期自動登録
eキャッツ・アイ H4YZ3,P_466030c8f4,eキャッツ・アイ H4YZ3,1.0,初期自動登録
eキョンシー ライトミドル 新CタイムVer.,P_b9a16e4dc2,eキョンシー ライトミドル 新CタイムVer.,1.0,初期自動登録
eシャーマンキング MH,P_e9a919a361,eシャーマンキング MH,1.0,初期自動登録
eシャーマンキング でっけぇえなver.,P_d0908a228b,eシャーマンキング でっけぇえなver.,1.0,初期自動登録
eスマパチ フィーバーマクロスフロンティア5 V,P_175c2f55d7,eスマパチ フィーバーマクロスフロンティア5 V,1.0,初期自動登録
eパリピ孔明 NB,P_9b34b3f52b,eパリピ孔明 NB,1.0,初期自動登録
eフィーバー デッドマウント・デスプレイ 魂神9000,P_1f02c418ae,eフィーバー デッドマウント・デスプレイ 魂神9000,1.0,初期自動登録
eフィーバーBASTARD!! -暗黒の破壊神- G,P_90507120c0,eフィーバーBASTARD!! -暗黒の破壊神- G,1.0,初期自動登録
eフィーバーうたわれるもの Z,P_d3f9ae54a2,eフィーバーうたわれるもの Z,1.0,初期自動登録
eフィーバーからくりサーカス2 魔王ver.,P_ac10d15c2a,eフィーバーからくりサーカス2 魔王ver.,1.0,初期自動登録
eフィーバーもののがたり F,P_c0aded43ee,eフィーバーもののがたり F,1.0,初期自動登録
eフィーバーキン肉マン,P_ab30d1aa63,eフィーバーキン肉マン,1.0,初期自動登録
eフィーバーダンジョンに出会いを求めるのは間違っているだろうか2 G,P_49e88d4a0d,eフィーバーダンジョンに出会いを求めるのは間違っているだろうか2 G,1.0,初期自動登録
eフィーバーダンベル何キロ持てる？2 F,P_0e23997986,eフィーバーダンベル何キロ持てる？2 F,1.0,初期自動登録
eフィーバーブルーロック MZ,P_0e37a6892d,eフィーバーブルーロック MZ,1.0,初期自動登録
eフィーバー彼女、お借りします H,P_42f79e44aa,eフィーバー彼女、お借りします H,1.0,初期自動登録
eフィーバー戦姫絶唱シンフォギア4 キャロルver.,P_c44357085d,eフィーバー戦姫絶唱シンフォギア4 キャロルver.,1.0,初期自動登録
eフィーバー機動戦士ガンダムユニコーン 再来 -白き一角獣と黒き獅子- R,P_88c06bf5a6,eフィーバー機動戦士ガンダムユニコーン 再来 -白き一角獣と黒き獅子- R,1.0,初期自動登録
eフィーバー炎炎ノ消防隊2 シンラver.,P_2cef84bc0b,eフィーバー炎炎ノ消防隊2 シンラver.,1.0,初期自動登録
eフィーバー炎炎ノ消防隊2 紅丸ver.,P_f9bcf5f2b3,eフィーバー炎炎ノ消防隊2 紅丸ver.,1.0,初期自動登録
eライザのアトリエ 常闇の女王と秘密の隠れ家 K3,P_0c1e74e7da,eライザのアトリエ 常闇の女王と秘密の隠れ家 K3,1.0,初期自動登録
eラグナドール 妖しき皇帝と終焉の夜叉姫 CMB,P_121656133d,eラグナドール 妖しき皇帝と終焉の夜叉姫 CMB,1.0,初期自動登録
eリコリス・リコイル M3,P_dc3a0db759,eリコリス・リコイル M3,1.0,初期自動登録
eリング 最恐領域 RHA,P_5baa4ca149,eリング 最恐領域 RHA,1.0,初期自動登録
eワンパンマン2～正義執行 LM10,P_e7e4214ec4,eワンパンマン2～正義執行 LM10,1.0,初期自動登録
e一方通行 とある魔術の禁書目録 JKZ,P_a630973d5f,e一方通行 とある魔術の禁書目録 JKZ,1.0,初期自動登録
e冒険島 EHLC2,P_032fc5ebe3,e冒険島 EHLC2,1.0,初期自動登録
e冥妃転生 CMP,P_a3d110e23b,e冥妃転生 CMP,1.0,初期自動登録
e冴えない彼女の育てかた LX04,P_f71a43c7a5,e冴えない彼女の育てかた LX04,1.0,初期自動登録
e地獄少女 7500Ver.,P_0a87b42857,e地獄少女 7500Ver.,1.0,初期自動登録
e大工の源さん超韋駄天2 フルスイングLT,P_1abd3e7de8,e大工の源さん超韋駄天2 フルスイングLT,1.0,初期自動登録
e女神のカフェテラス FLX,P_782fd78664,e女神のカフェテラス FLX,1.0,初期自動登録
e女神のカフェテラス JLZ,P_0b692d67de,e女神のカフェテラス JLZ,1.0,初期自動登録
e新・必殺仕置人 超斬撃199,P_fd8ddc34c0,e新・必殺仕置人 超斬撃199,1.0,初期自動登録
e東京リベンジャーズ GFEC,P_65467f7c2e,e東京リベンジャーズ GFEC,1.0,初期自動登録
e源外伝 EPISODE OF -大龍- EHLG,P_8f5c0fb0bb,e源外伝 EPISODE OF -大龍- EHLG,1.0,初期自動登録
e異世界でチート能力を手にした俺は現実世界をも無双する ～レベルアップは人生を変えた～ FSZ,P_7eaf9baba1,e異世界でチート能力を手にした俺は現実世界をも無双する ～レベルアップは人生を変えた～ FSZ,1.0,初期自動登録
e真・一騎当千～軍神覚醒～ 319大入りver.,P_57adfa24e9,e真・一騎当千～軍神覚醒～ 319大入りver.,1.0,初期自動登録
e範馬刃牙 199ver.,P_d76de65c6e,e範馬刃牙 199ver.,1.0,初期自動登録
e範馬刃牙 XAM2,P_99cbb04ca4,e範馬刃牙 XAM2,1.0,初期自動登録
e聖闘士星矢 超流星CliMAX349 EHTA,P_bce238eba2,e聖闘士星矢 超流星CliMAX349 EHTA,1.0,初期自動登録
e蒼天の拳 羅龍 SREN,P_1b36a63df0,e蒼天の拳 羅龍 SREN,1.0,初期自動登録
e転生したらスライムだった件2 MF,P_24da02b850,e転生したらスライムだった件2 MF,1.0,初期自動登録
e閃乱カグラ LTM-JF,P_8e85d5162e,e閃乱カグラ LTM-JF,1.0,初期自動登録
e黄門ちゃま寿限無 LLサイズ 9HC3,P_1126d66c72,e黄門ちゃま寿限無 LLサイズ 9HC3,1.0,初期自動登録
ぱちんこCR一騎当千サバイバルソルジャー 319Ver.,P_64ebbdbd2a,ぱちんこCR一騎当千サバイバルソルジャー 319Ver.,1.0,初期自動登録
ぱちんこCR偽物語 199Ver.,P_ae242c63df,ぱちんこCR偽物語 199Ver.,1.0,初期自動登録
ぱちんこCR聖戦士ダンバイン EWNB,P_f39c00a552,ぱちんこCR聖戦士ダンバイン EWNB,1.0,初期自動登録
ぱちんこCR聖戦士ダンバイン FWN,P_21f9173f52,ぱちんこCR聖戦士ダンバイン FWN,1.0,初期自動登録
ぱちんこCR蒼天の拳～天帰～ FWG,P_a8f43af5d4,ぱちんこCR蒼天の拳～天帰～ FWG,1.0,初期自動登録
アマデジPA笑ゥせぇるすまん ドーンといきまSHOW,P_273ac6979a,アマデジPA笑ゥせぇるすまん ドーンといきまSHOW,1.0,初期自動登録
キュインぱちんこ P南国育ち デカパトver.,P_485f41fa0f,キュインぱちんこ P南国育ち デカパトver.,1.0,初期自動登録
キュインぱちんこ P南国育ち デカパトver. 甘デジ,P_39079325ba,キュインぱちんこ P南国育ち デカパトver. 甘デジ,1.0,初期自動登録
デカスタP STEINS；GATE 0 まゆしぃば～じょん,P_76a5b7509c,デカスタP STEINS；GATE 0 まゆしぃば～じょん,1.0,初期自動登録
デジハネCRA聖戦士ダンバイン デジハネver.,P_8f41ceb319,デジハネCRA聖戦士ダンバイン デジハネver.,1.0,初期自動登録
デジハネP 頭文字D せかんど GCPC,P_ff7bc32cec,デジハネP 頭文字D せかんど GCPC,1.0,初期自動登録
デジハネP<物語>シリーズ セカンドシーズン GSA,P_20d7811c51,デジハネP<物語>シリーズ セカンドシーズン GSA,1.0,初期自動登録
デジハネPA<物語>シリーズ セカンドシーズン GSA,P_a3145c65da,デジハネPA<物語>シリーズ セカンドシーズン GSA,1.0,初期自動登録
デジハネPA交響詩篇エウレカセブン HI-EVOLUTION ZERO,P_9145d15e77,デジハネPA交響詩篇エウレカセブン HI-EVOLUTION ZERO,1.0,初期自動登録
デジハネPあの日見た花の名前を僕達はまだ知らない。 GSC,P_45ed684bc5,デジハネPあの日見た花の名前を僕達はまだ知らない。 GSC,1.0,初期自動登録
デジハネPモンスターハンターライズ GSPB,P_065a391e44,デジハネPモンスターハンターライズ GSPB,1.0,初期自動登録
デジハネP七つの大罪 エリザベスver.,P_2b50d327f7,デジハネP七つの大罪 エリザベスver.,1.0,初期自動登録
デジハネP交響詩篇エウレカセブン ANEMONE 99ver.,P_38e45b6980,デジハネP交響詩篇エウレカセブン ANEMONE 99ver.,1.0,初期自動登録
デジハネP聖戦士ダンバイン2 ZEROSONIC,P_25c02189b6,デジハネP聖戦士ダンバイン2 ZEROSONIC,1.0,初期自動登録
"パチスロ Wake Up, Girls! Seven Memories",P_86ed0cb28e,"パチスロ Wake Up, Girls! Seven Memories",1.0,初期自動登録
パチスロ ツインエンジェルPARTY,P_c4a5468204,パチスロ ツインエンジェルPARTY,1.0,初期自動登録
パチンコCRクイーンズブレイド2 レイナ,P_ea40dc368c,パチンコCRクイーンズブレイド2 レイナ,1.0,初期自動登録
パチンコCR弾球黙示録カイジ沼3 利根川Ver.,P_cc6d57c1ee,パチンコCR弾球黙示録カイジ沼3 利根川Ver.,1.0,初期自動登録
秘宝伝～The Last～,P_3615b7ca95,秘宝伝～The Last～,1.0,初期自動登録
CRぱちんこ魔法少女まどか☆マギカ H2,P_7d6b3057f9,CRぱちんこ魔法少女まどか☆マギカ H2,1.0,初期自動登録
P 魔法少女まどか☆マギカ3 LM3,P_4e6a66e049,P 魔法少女まどか☆マギカ3 LM3,1.0,初期自動登録
P 魔法少女まどか☆マギカ3 キュゥべえver.,P_56b075b770,P 魔法少女まどか☆マギカ3 キュゥべえver.,1.0,初期自動登録
Pぱちんこ劇場版魔法少女まどか☆マギカ キュウべえver.,P_70a628f466,Pぱちんこ劇場版魔法少女まどか☆マギカ キュウべえver.,1.0,初期自動登録
Pぱちんこ劇場版魔法少女まどか☆マギカ 悪魔ほむらVER.,P_3db37d2bed,Pぱちんこ劇場版魔法少女まどか☆マギカ 悪魔ほむらVER.,1.0,初期自動登録
P魔法少女まどか☆マギカ3 LM3,P_98f2441ab7,P魔法少女まどか☆マギカ3 LM3,1.0,初期自動登録
e マギアレコード 魔法少女まどか☆マギカ外伝 KRJ1,P_ef0bf83921,e マギアレコード 魔法少女まどか☆マギカ外伝 KRJ1,1.0,初期自動登録
e 魔法少女まどか☆マギカ3 時間遡行～始まりの願い～ LPM1,P_522d7824a8,e 魔法少女まどか☆マギカ3 時間遡行～始まりの願い～ LPM1,1.0,初期自動登録
L エヴァンゲリオン ～未来への創造～,P_e2cc05d801,L エヴァンゲリオン ～未来への創造～,1.0,初期自動登録
Lゴジラ対エヴァンゲリオン,P_427041a260,Lゴジラ対エヴァンゲリオン,1.0,初期自動登録
Lパチスロ シン・エヴァンゲリオン,P_5f60f09a0b,Lパチスロ シン・エヴァンゲリオン,1.0,初期自動登録
P ゴジラ対エヴァンゲリオン セカンドインパクト G R,P_2ecf5868f1,P ゴジラ対エヴァンゲリオン セカンドインパクト G R,1.0,初期自動登録
P ゴジラ対エヴァンゲリオン2 超デカシルバー,P_1cb7e48cea,P ゴジラ対エヴァンゲリオン2 超デカシルバー,1.0,初期自動登録
P 新世紀エヴァンゲリオン ～未来への咆哮～ PREMIUM MODEL,P_2069112749,P 新世紀エヴァンゲリオン ～未来への咆哮～ PREMIUM MODEL,1.0,初期自動登録
PAぱちんこ シン・エヴァンゲリオン PREMIUM MODEL,P_a7e0e98a64,PAぱちんこ シン・エヴァンゲリオン PREMIUM MODEL,1.0,初期自動登録
PA新世紀エヴァンゲリオン 決戦 プレミアムモデル,P_2daa3aed89,PA新世紀エヴァンゲリオン 決戦 プレミアムモデル,1.0,初期自動登録
Pぱちんこ シン・エヴァンゲリオン 129 LT ver.,P_1f70173a19,Pぱちんこ シン・エヴァンゲリオン 129 LT ver.,1.0,初期自動登録
Pぱちんこ シン・エヴァンゲリオン Type レイ,P_8aebf2dc38,Pぱちんこ シン・エヴァンゲリオン Type レイ,1.0,初期自動登録
Pゴジラ対エヴァンゲリオン ～G細胞覚醒～ L,P_33dde9647a,Pゴジラ対エヴァンゲリオン ～G細胞覚醒～ L,1.0,初期自動登録
Pゴジラ対エヴァンゲリオン ～G細胞覚醒～ PREMIUM MODEL,P_aab59bc024,Pゴジラ対エヴァンゲリオン ～G細胞覚醒～ PREMIUM MODEL,1.0,初期自動登録
Pパチンコ 新世紀エヴァンゲリオン ～未来への咆哮～,P_282eb90cf7,Pパチンコ 新世紀エヴァンゲリオン ～未来への咆哮～,1.0,初期自動登録
P新世紀エヴァンゲリオン 決戦 ～真紅～ W,P_2965bb866a,P新世紀エヴァンゲリオン 決戦 ～真紅～ W,1.0,初期自動登録
P新世紀エヴァンゲリオン ～未来への咆哮～,P_683174558b,P新世紀エヴァンゲリオン ～未来への咆哮～,1.0,初期自動登録
P新世紀エヴァンゲリオン ～未来への咆哮～ PREMIUM MODEL,P_de23bca474,P新世紀エヴァンゲリオン ～未来への咆哮～ PREMIUM MODEL,1.0,初期自動登録
P新世紀エヴァンゲリオン ～未来への咆哮～ SPECIAL EDITION F,P_1ae1af260c,P新世紀エヴァンゲリオン ～未来への咆哮～ SPECIAL EDITION F,1.0,初期自動登録
P新世紀エヴァンゲリオン～シト、新生～ G,P_4cfe359d30,P新世紀エヴァンゲリオン～シト、新生～ G,1.0,初期自動登録
P新世紀エヴァンゲリオン～シト、新生～ プレミアムモデル,P_3ce20338e3,P新世紀エヴァンゲリオン～シト、新生～ プレミアムモデル,1.0,初期自動登録
P新世紀エヴァンゲリオン～未来への咆哮～,P_1537f3f514,P新世紀エヴァンゲリオン～未来への咆哮～,1.0,初期自動登録
e ゴジラ対エヴァンゲリオン セカンドインパクト G～破壊神覚醒～ bA,P_3694e32946,e ゴジラ対エヴァンゲリオン セカンドインパクト G～破壊神覚醒～ bA,1.0,初期自動登録
e ゴジラ対エヴァンゲリオン2 超デカゴールド,P_bd12f73696,e ゴジラ対エヴァンゲリオン2 超デカゴールド,1.0,初期自動登録
e スマパチ シン・エヴァンゲリオン Type ゲンドウ,P_4618504896,e スマパチ シン・エヴァンゲリオン Type ゲンドウ,1.0,初期自動登録
e 新世紀エヴァンゲリオン ～はじまりの記憶～ R,P_c91c5e648d,e 新世紀エヴァンゲリオン ～はじまりの記憶～ R,1.0,初期自動登録
eスマパチ シン・エヴァンゲリオン Type カヲル,P_7a6b2f4bc8,eスマパチ シン・エヴァンゲリオン Type カヲル,1.0,初期自動登録
エヴァンゲリオン フェスティバル,P_5cc8221558,エヴァンゲリオン フェスティバル,1.0,初期自動登録
新世紀エヴァンゲリオン ～魂の共鳴～,P_55a88c1cbe,新世紀エヴァンゲリオン ～魂の共鳴～,1.0,初期自動登録
P GOD EATER 究極一閃 MA,P_89c06ff548,P GOD EATER 究極一閃 MA,1.0,初期自動登録
P GOD EATER-ブラッドの覚醒- アマデジ神撃90VER,P_93ee87f90a,P GOD EATER-ブラッドの覚醒- アマデジ神撃90VER,1.0,初期自動登録
Pアナザーゴッドハーデス ザ ワールド SC,P_792b7da1a9,Pアナザーゴッドハーデス ザ ワールド SC,1.0,初期自動登録
Pアナザーゴッドハーデス-狂乱- MC,P_561083b0ca,Pアナザーゴッドハーデス-狂乱- MC,1.0,初期自動登録
Pアナザーゴッドハーデス-獄炎- SB,P_b197e4d1e8,Pアナザーゴッドハーデス-獄炎- SB,1.0,初期自動登録
Pアナザーゴッドポセイドン-怒濤の神撃- MH,P_f7c86ab536,Pアナザーゴッドポセイドン-怒濤の神撃- MH,1.0,初期自動登録
Pゴッドイーター199 ゴッドトリガーVER.,P_8b29bc132b,Pゴッドイーター199 ゴッドトリガーVER.,1.0,初期自動登録
Pゴッドイーター神がかりVer.,P_9ef16aec8a,Pゴッドイーター神がかりVer.,1.0,初期自動登録
Pミリオンゴッド-一撃- MH,P_d792ea4045,Pミリオンゴッド-一撃- MH,1.0,初期自動登録
e GODZILLA7 TYPE-CRASH,P_c5163d15ef,e GODZILLA7 TYPE-CRASH,1.0,初期自動登録
eゴッドイーター TRIPLE BURST MJ,P_dc3734ddb7,eゴッドイーター TRIPLE BURST MJ,1.0,初期自動登録
e ソードアート・オンライン 閃光の軌跡 99Ver.,P_b5042dd77b,e ソードアート・オンライン 閃光の軌跡 99Ver.,1.0,初期自動登録
e ソードアート・オンライン 閃光の軌跡 K7,P_750e7c6ed1,e ソードアート・オンライン 閃光の軌跡 K7,1.0,初期自動登録
eスマートぱちんこ ソードアート・オンライン K12,P_ef74208573,eスマートぱちんこ ソードアート・オンライン K12,1.0,初期自動登録
eソードアート・オンライン オルタナティブ ガンゲイル・オンライン M08,P_4604205b4a,eソードアート・オンライン オルタナティブ ガンゲイル・オンライン M08,1.0,初期自動登録
P魔法少女リリカルなのは 2人の絆 XCB,P_e7a928d68d,P魔法少女リリカルなのは 2人の絆 XCB,1.0,初期自動登録
P Re:ゼロから始める異世界生活,P_e4d7ff734c,P Re:ゼロから始める異世界生活,1.0,初期自動登録
P Re:ゼロから始める異世界生活 season2 129ver.,P_da13dc0642,P Re:ゼロから始める異世界生活 season2 129ver.,1.0,初期自動登録
P Re:ゼロから始める異世界生活 season2 249ver.,P_261e30a125,P Re:ゼロから始める異世界生活 season2 249ver.,1.0,初期自動登録
P Re:ゼロから始める異世界生活 鬼がかり 199ver.,P_f9242c4ece,P Re:ゼロから始める異世界生活 鬼がかり 199ver.,1.0,初期自動登録
P Re:ゼロから始める異世界生活 鬼がかり 99ver.,P_444cf89211,P Re:ゼロから始める異世界生活 鬼がかり 99ver.,1.0,初期自動登録
P Re:ゼロから始める異世界生活 鬼がかりver.,P_c1af1c56c9,P Re:ゼロから始める異世界生活 鬼がかりver.,1.0,初期自動登録
e Re:ゼロから始める異世界生活 season2 M13,P_61994a3e89,e Re:ゼロから始める異世界生活 season2 M13,1.0,初期自動登録
CRルパン三世～消されたルパン～ 299Ver.,P_1e328040ac,CRルパン三世～消されたルパン～ 299Ver.,1.0,初期自動登録
Lルパン三世 大航海者の秘宝,P_e36a87a566,Lルパン三世 大航海者の秘宝,1.0,初期自動登録
Pルパン三世 2000カラットの涙 129Ver.,P_325660de6b,Pルパン三世 2000カラットの涙 129Ver.,1.0,初期自動登録
Pルパン三世 2000カラットの涙 H1AZ2,P_ffe60c60b9,Pルパン三世 2000カラットの涙 H1AZ2,1.0,初期自動登録
Pルパン三世 ONE COLLECTION 100ver.,P_ceb2e221a5,Pルパン三世 ONE COLLECTION 100ver.,1.0,初期自動登録
Pルパン三世 ONE COLLECTION H1YZ4,P_d1305e613c,Pルパン三世 ONE COLLECTION H1YZ4,1.0,初期自動登録
Pルパン三世 THE FIRST 99ver.,P_87bc060b3c,Pルパン三世 THE FIRST 99ver.,1.0,初期自動登録
Pルパン三世 THE FIRST H1YZ1,P_7064262bc0,Pルパン三世 THE FIRST H1YZ1,1.0,初期自動登録
Pルパン三世 消されたルパン2022 99ver.,P_a1d6eab3fc,Pルパン三世 消されたルパン2022 99ver.,1.0,初期自動登録
Pルパン三世 消されたルパン2022 H1AZ1,P_ecdad33189,Pルパン三世 消されたルパン2022 H1AZ1,1.0,初期自動登録
Pルパン三世 銭形からの招待状 77Sweet Ver.,P_41cf561e1c,Pルパン三世 銭形からの招待状 77Sweet Ver.,1.0,初期自動登録
Pルパン三世 ～復活のマモー～ 2YZ7,P_c3bd70ce88,Pルパン三世 ～復活のマモー～ 2YZ7,1.0,初期自動登録
Pルパン三世 ～復活のマモー～ M1AY5Y,P_a73e3b9f8a,Pルパン三世 ～復活のマモー～ M1AY5Y,1.0,初期自動登録
Pルパン三世 ～復活のマモー～ 甘デジ,P_15d1205b14,Pルパン三世 ～復活のマモー～ 甘デジ,1.0,初期自動登録
Pルパン三世～神々への予告状～ 9AU1,P_ec100030be,Pルパン三世～神々への予告状～ 9AU1,1.0,初期自動登録
Pルパン三世～神々への予告状～ L9BW4S,P_9868443c19,Pルパン三世～神々への予告状～ L9BW4S,1.0,初期自動登録
eルパン三世 ONE COLLECTION 超ブチヌキLT ver.,P_201501d277,eルパン三世 ONE COLLECTION 超ブチヌキLT ver.,1.0,初期自動登録
eルパン三世 THE FIRST H4YZ3,P_90652f20e0,eルパン三世 THE FIRST H4YZ3,1.0,初期自動登録
eルパン三世 銭形からの招待状 H4YZ6,P_dc1c04754a,eルパン三世 銭形からの招待状 H4YZ6,1.0,初期自動登録
eルパン三世VSキャッツ・アイ 157ver. 極限突破ブッた斬り7500,P_e08f312a38,eルパン三世VSキャッツ・アイ 157ver. 極限突破ブッた斬り7500,1.0,初期自動登録
eルパン三世VSキャッツ・アイ MAH4,P_d36065073a,eルパン三世VSキャッツ・アイ MAH4,1.0,初期自動登録
パチスロ ルパン三世(2022年),P_1ac1672cdb,パチスロ ルパン三世(2022年),1.0,初期自動登録
パチスロ ルパン三世～イタリアの夢～,P_f9ee40f7aa,パチスロ ルパン三世～イタリアの夢～,1.0,初期自動登録
Lスマスロ真・北斗無双(2024年),P_afd4514368,Lスマスロ真・北斗無双(2024年),1.0,初期自動登録
P DD北斗の拳2 ついでに愛を取り戻せ!! ケンシロウ319Ver.,P_533d2516b1,P DD北斗の拳2 ついでに愛を取り戻せ!! ケンシロウ319Ver.,1.0,初期自動登録
P DD北斗の拳2 ついでに愛を取り戻せ!! ラオウ199Ver.,P_a088b60ab8,P DD北斗の拳2 ついでに愛を取り戻せ!! ラオウ199Ver.,1.0,初期自動登録
P DD北斗の拳3 V1C,P_7f03d43b94,P DD北斗の拳3 V1C,1.0,初期自動登録
P DD北斗の拳3 百突99ver.,P_346689a881,P DD北斗の拳3 百突99ver.,1.0,初期自動登録
P北斗の拳 強敵 LT SSPA,P_d8172f6944,P北斗の拳 強敵 LT SSPA,1.0,初期自動登録
P北斗の拳 暴凶星 SFPA,P_b467b5b3da,P北斗の拳 暴凶星 SFPA,1.0,初期自動登録
P真・北斗無双 Re:319ver.,P_d1e43015f2,P真・北斗無双 Re:319ver.,1.0,初期自動登録
P真・北斗無双 第2章 頂上決戦Ver.,P_ae85bb168a,P真・北斗無双 第2章 頂上決戦Ver.,1.0,初期自動登録
P真・北斗無双 第3章 SFJ,P_f03ca4c4dc,P真・北斗無双 第3章 SFJ,1.0,初期自動登録
P真・北斗無双 第3章 ジャギの逆襲 GEE,P_80e1daaa0c,P真・北斗無双 第3章 ジャギの逆襲 GEE,1.0,初期自動登録
P真・北斗無双 第3章 覚醒闘舞 GCD,P_999d55148e,P真・北斗無双 第3章 覚醒闘舞 GCD,1.0,初期自動登録
P真・北斗無双 第4章 GFPH,P_c96ae1e699,P真・北斗無双 第4章 GFPH,1.0,初期自動登録
P真・北斗無双 第4章 下剋上闘 GRPJ,P_29803c3817,P真・北斗無双 第4章 下剋上闘 GRPJ,1.0,初期自動登録
e 北斗の拳11 暴凶星 SHEF,P_96d00d4aeb,e 北斗の拳11 暴凶星 SHEF,1.0,初期自動登録
e 真・北斗無双 第5章 夢幻闘双 SCEA,P_3017ff112c,e 真・北斗無双 第5章 夢幻闘双 SCEA,1.0,初期自動登録
e真・北斗無双 第5章 ドデカSTART,P_c10904ac08,e真・北斗無双 第5章 ドデカSTART,1.0,初期自動登録
ぱちんこCR北斗の拳6 天翔百裂 FTB,P_76cf142fed,ぱちんこCR北斗の拳6 天翔百裂 FTB,1.0,初期自動登録
ぱちんこCR真・北斗無双 FWN,P_b02cfe2aef,ぱちんこCR真・北斗無双 FWN,1.0,初期自動登録
ぱちんこCR真・北斗無双 夢幻闘乱 SWA,P_ac8e246c66,ぱちんこCR真・北斗無双 夢幻闘乱 SWA,1.0,初期自動登録
デジハネCR北斗の拳6 慈母 STD,P_d9b1481d8b,デジハネCR北斗の拳6 慈母 STD,1.0,初期自動登録
デジハネPA真・北斗無双 第2章 連撃Edition,P_85191eb31f,デジハネPA真・北斗無双 第2章 連撃Edition,1.0,初期自動登録
デジハネP北斗の拳 慈母 SSPC,P_d275eb0fac,デジハネP北斗の拳 慈母 SSPC,1.0,初期自動登録
パチスロ 真・北斗無双,P_e7f6b309b6,パチスロ 真・北斗無双,1.0,初期自動登録
CR戦国乙女5～10th Anniversary～ H1BZ1,P_5973bb3f01,CR戦国乙女5～10th Anniversary～ H1BZ1,1.0,初期自動登録
P戦国乙女 LEGEND BATTLE 99ver.,P_32ea4b2f51,P戦国乙女 LEGEND BATTLE 99ver.,1.0,初期自動登録
P戦国乙女 LEGEND BATTLE M2AZ1Y,P_246e5b2508,P戦国乙女 LEGEND BATTLE M2AZ1Y,1.0,初期自動登録
P戦国乙女5 1/219～1/184ver.,P_15038ca5cf,P戦国乙女5 1/219～1/184ver.,1.0,初期自動登録
P戦国乙女5 9AU1,P_3619dacc00,P戦国乙女5 9AU1,1.0,初期自動登録
P戦国乙女6 暁の関ヶ原 M2AZ1Y,P_a695cdff9a,P戦国乙女6 暁の関ヶ原 M2AZ1Y,1.0,初期自動登録
P戦国乙女6 暁の関ヶ原 甘デジ,P_fa0bbfbc3b,P戦国乙女6 暁の関ヶ原 甘デジ,1.0,初期自動登録
P戦国乙女7 終焉の関ケ原 99ver.,P_659e7ab30c,P戦国乙女7 終焉の関ケ原 99ver.,1.0,初期自動登録
P戦国乙女7 終焉の関ケ原 L9YY7,P_c8c52c0897,P戦国乙女7 終焉の関ケ原 L9YY7,1.0,初期自動登録
P戦国乙女7 終焉の関ケ原 LLサイズ 299ver.,P_99c927c8c1,P戦国乙女7 終焉の関ケ原 LLサイズ 299ver.,1.0,初期自動登録
e 東京喰種 W,P_09426a8154,e 東京喰種 W,1.0,初期自動登録
e 東京喰種 超デカ 超一撃 ver.,P_7513f0ecaf,e 東京喰種 超デカ 超一撃 ver.,1.0,初期自動登録
CRA大海物語3withアグネス・ラム SAP,P_d350ab88fc,CRA大海物語3withアグネス・ラム SAP,1.0,初期自動登録
CRA海物語 3R,P_b1f21562dd,CRA海物語 3R,1.0,初期自動登録
CRスーパー海物語 IN JAPAN 319バージョン,P_c1cba3bd12,CRスーパー海物語 IN JAPAN 319バージョン,1.0,初期自動登録
CRスーパー海物語 IN JAPAN 金富士 新MAX319バージョン,P_a156372c45,CRスーパー海物語 IN JAPAN 金富士 新MAX319バージョン,1.0,初期自動登録
CRスーパー海物語IN沖縄3 桜ライト,P_0e1be76be9,CRスーパー海物語IN沖縄3 桜ライト,1.0,初期自動登録
CRスーパー海物語IN沖縄4 MTC,P_19419e460e,CRスーパー海物語IN沖縄4 MTC,1.0,初期自動登録
CRスーパー海物語IN沖縄4桜バージョン ライト199ver.,P_5aab90a845,CRスーパー海物語IN沖縄4桜バージョン ライト199ver.,1.0,初期自動登録
CRスーパー海物語IN沖縄4桜バージョン 新マックス319ver.,P_30402aab4d,CRスーパー海物語IN沖縄4桜バージョン 新マックス319ver.,1.0,初期自動登録
CR大海物語4 MTB,P_b9f3f6517f,CR大海物語4 MTB,1.0,初期自動登録
CR大海物語4 with アグネス・ラム SBC,P_e2c7bb6449,CR大海物語4 with アグネス・ラム SBC,1.0,初期自動登録
CR大海物語BLACK ライト,P_1fb31334e2,CR大海物語BLACK ライト,1.0,初期自動登録
CR大海物語スペシャル MTE15,P_40d99237ca,CR大海物語スペシャル MTE15,1.0,初期自動登録
Lucky 海物語,P_48060be54d,Lucky 海物語,1.0,初期自動登録
PAスーパー海物語 IN JAPAN2 金富士99バージョン,P_3270682001,PAスーパー海物語 IN JAPAN2 金富士99バージョン,1.0,初期自動登録
PAスーパー海物語 IN 地中海2 HLA,P_bfae03f35c,PAスーパー海物語 IN 地中海2 HLA,1.0,初期自動登録
PAスーパー海物語IN地中海 SBA,P_446e31445d,PAスーパー海物語IN地中海 SBA,1.0,初期自動登録
PAスーパー海物語IN沖縄5 with アイマリン SBA,P_7d175561a1,PAスーパー海物語IN沖縄5 with アイマリン SBA,1.0,初期自動登録
PAスーパー海物語IN沖縄6 Withえなこ RBD,P_fd7bd6fc9b,PAスーパー海物語IN沖縄6 Withえなこ RBD,1.0,初期自動登録
PAドラム海物語 IN JAPAN RBB,P_e7fbb597af,PAドラム海物語 IN JAPAN RBB,1.0,初期自動登録
PA大海物語4 スペシャル with アグネス・ラム RBA,P_ec277d3dfd,PA大海物語4 スペシャル with アグネス・ラム RBA,1.0,初期自動登録
PA大海物語5 Withアグネス・ラム ARBC,P_3522a4e5f7,PA大海物語5 Withアグネス・ラム ARBC,1.0,初期自動登録
PA大海物語5 ブラック LT99ver.,P_827dc7795a,PA大海物語5 ブラック LT99ver.,1.0,初期自動登録
PA新海物語 ARBB,P_c24ca30cb5,PA新海物語 ARBB,1.0,初期自動登録
PA海物語 極JAPAN Withナギナミ HBD,P_0b570e50ce,PA海物語 極JAPAN Withナギナミ HBD,1.0,初期自動登録
PA海物語3R2 F,P_e0531b58b6,PA海物語3R2 F,1.0,初期自動登録
PA海物語3R2スペシャル MBA,P_bba980f391,PA海物語3R2スペシャル MBA,1.0,初期自動登録
PA海物語3R3 LBA(クリスタルシェル),P_966b12e358,PA海物語3R3 LBA(クリスタルシェル),1.0,初期自動登録
Pまわるん大海物語4 スペシャル with アグネス・ラム 119ver.,P_5c423610be,Pまわるん大海物語4 スペシャル with アグネス・ラム 119ver.,1.0,初期自動登録
Pスーパー海物語 IN JAPAN2 with 太鼓の達人 99バージョン,P_bc03207874,Pスーパー海物語 IN JAPAN2 with 太鼓の達人 99バージョン,1.0,初期自動登録
Pスーパー海物語 IN JAPAN2 金富士 はんなり199バージョン,P_d3ef25738f,Pスーパー海物語 IN JAPAN2 金富士 はんなり199バージョン,1.0,初期自動登録
Pスーパー海物語 IN JAPAN2 金富士 ピリッと319バージョン,P_252496b832,Pスーパー海物語 IN JAPAN2 金富士 ピリッと319バージョン,1.0,初期自動登録
Pスーパー海物語IN沖縄5 LTV,P_0e6c6fd486,Pスーパー海物語IN沖縄5 LTV,1.0,初期自動登録
Pスーパー海物語IN沖縄5 夜桜超旋風 99ver.,P_2217ff8ba4,Pスーパー海物語IN沖縄5 夜桜超旋風 99ver.,1.0,初期自動登録
Pスーパー海物語IN沖縄5 夜桜超旋風 YTC,P_cf97589e06,Pスーパー海物語IN沖縄5 夜桜超旋風 YTC,1.0,初期自動登録
Pスーパー海物語IN沖縄5 桜ver. 199ver.,P_41a434cc8a,Pスーパー海物語IN沖縄5 桜ver. 199ver.,1.0,初期自動登録
Pスーパー海物語IN沖縄5 桜ver. 319ver.,P_e56ef596f8,Pスーパー海物語IN沖縄5 桜ver. 319ver.,1.0,初期自動登録
Pスーパー海物語IN沖縄6 LTP,P_f9b299a3a4,Pスーパー海物語IN沖縄6 LTP,1.0,初期自動登録
Pドラム海物語IN沖縄 桜 SBE,P_b823875058,Pドラム海物語IN沖縄 桜 SBE,1.0,初期自動登録
P大海物語4 スペシャル BLACK SCA,P_0ef4fcbbfa,P大海物語4 スペシャル BLACK SCA,1.0,初期自動登録
P大海物語4 スペシャル E,P_886a301c3e,P大海物語4 スペシャル E,1.0,初期自動登録
P大海物語4スペシャル BLACK SCA,P_a5499448e9,P大海物語4スペシャル BLACK SCA,1.0,初期自動登録
P大海物語4スペシャル E,P_dc5b5781ec,P大海物語4スペシャル E,1.0,初期自動登録
P大海物語5 MTE2,P_0264d647ff,P大海物語5 MTE2,1.0,初期自動登録
P大海物語5 ブラック HCL,P_14dc0cfb6f,P大海物語5 ブラック HCL,1.0,初期自動登録
P大海物語5スペシャル ALTA,P_c67908752a,P大海物語5スペシャル ALTA,1.0,初期自動登録
P海物語 極JAPAN HTH,P_f026668c67,P海物語 極JAPAN HTH,1.0,初期自動登録
e大海物語5スペシャル ELTA4,P_bcd20540bb,e大海物語5スペシャル ELTA4,1.0,初期自動登録
e新海物語349 ELTH,P_efb76261af,e新海物語349 ELTH,1.0,初期自動登録
スーパー海物語 IN JAPAN祭,P_4b4e0902e3,スーパー海物語 IN JAPAN祭,1.0,初期自動登録
PA激デジ 真・牙狼 RBY4,P_40c565dd22,PA激デジ 真・牙狼 RBY4,1.0,初期自動登録
PA激デジ牙狼月虹ノ旅人 RL,P_31563a4214,PA激デジ牙狼月虹ノ旅人 RL,1.0,初期自動登録
P牙狼 月虹ノ旅人 MC,P_4e87e71216,P牙狼 月虹ノ旅人 MC,1.0,初期自動登録
P牙狼11～冴島大河～XX MU,P_993ec9d8cf,P牙狼11～冴島大河～XX MU,1.0,初期自動登録
P牙狼GOLD IMPACT XX-MZ,P_befc0c0d71,P牙狼GOLD IMPACT XX-MZ,1.0,初期自動登録
P牙狼MUSEUM MA,P_63a7a9258a,P牙狼MUSEUM MA,1.0,初期自動登録
P牙狼コレクション RJ,P_8a3682fb98,P牙狼コレクション RJ,1.0,初期自動登録
P牙狼コレクション 遊タイムver.,P_c447d2e2d9,P牙狼コレクション 遊タイムver.,1.0,初期自動登録
P牙狼月虹ノ旅人絆 GIGA GHOST ver.,P_4f800445fa,P牙狼月虹ノ旅人絆 GIGA GHOST ver.,1.0,初期自動登録
P真・牙狼 RS,P_5442234474,P真・牙狼 RS,1.0,初期自動登録
P真・牙狼2 RP,P_c5afb725f8,P真・牙狼2 RP,1.0,初期自動登録
e牙狼 神速神撃3000LT,P_20721fdec3,e牙狼 神速神撃3000LT,1.0,初期自動登録
e牙狼11～冴島大河～ 魔戒BURST Ver.,P_1f29a7a8fb,e牙狼11～冴島大河～ 魔戒BURST Ver.,1.0,初期自動登録
e牙狼12黄金騎士極限 XX-MJ,P_a9fd9309b8,e牙狼12黄金騎士極限 XX-MJ,1.0,初期自動登録
パチスロ 牙狼-守りし者-,P_762ad9a264,パチスロ 牙狼-守りし者-,1.0,初期自動登録
牙狼-黄金騎士-,P_e51125a1b1,牙狼-黄金騎士-,1.0,初期自動登録
eぱちんこ押忍!番長 漢の頂 L09,P_63bb64a943,eぱちんこ押忍!番長 漢の頂 L09,1.0,初期自動登録
CRA花の慶次X～雲のかなたに～ N-K,P_5dbe67dfc8,CRA花の慶次X～雲のかなたに～ N-K,1.0,初期自動登録
CR真・花の慶次 L6-K,P_0392ff8bd0,CR真・花の慶次 L6-K,1.0,初期自動登録
CR真・花の慶次2～漆黒の衝撃 2400,P_b6f1bbf97b,CR真・花の慶次2～漆黒の衝撃 2400,1.0,初期自動登録
CR花の慶次X～雲のかなたに～ H2-K,P_4e74a422fd,CR花の慶次X～雲のかなたに～ H2-K,1.0,初期自動登録
PA真・花の慶次2 漆黒の衝撃 99ver.,P_810ff172e6,PA真・花の慶次2 漆黒の衝撃 99ver.,1.0,初期自動登録
PA義風堂々!!～兼続と慶次～3 99Ver.,P_bfb2c9e9c3,PA義風堂々!!～兼続と慶次～3 99Ver.,1.0,初期自動登録
PA花の慶次 裂 99ver.,P_e10b3dae9c,PA花の慶次 裂 99ver.,1.0,初期自動登録
PA花の慶次～傾奇一転 87ver.,P_5c8f77afef,PA花の慶次～傾奇一転 87ver.,1.0,初期自動登録
PA花の慶次～蓮 N-V,P_bb61d5432a,PA花の慶次～蓮 N-V,1.0,初期自動登録
P真・花の慶次2 漆黒の衝撃 EXTRA RUSH M3-VC,P_da40eaab2b,P真・花の慶次2 漆黒の衝撃 EXTRA RUSH M3-VC,1.0,初期自動登録
P真・花の慶次3 -黄金一閃- TL5-MX,P_e9f80d0023,P真・花の慶次3 -黄金一閃- TL5-MX,1.0,初期自動登録
P真・花の慶次3 99ver.,P_dec91af44e,P真・花の慶次3 99ver.,1.0,初期自動登録
P真・花の慶次3 L12-K,P_46ac6be556,P真・花の慶次3 L12-K,1.0,初期自動登録
P真・花の慶次3 黄金一閃 TL5-MX,P_e24c3221c7,P真・花の慶次3 黄金一閃 TL5-MX,1.0,初期自動登録
P義風堂々!!～兼続と慶次～ M3-X,P_a670c405dd,P義風堂々!!～兼続と慶次～ M3-X,1.0,初期自動登録
P義風堂々!!～兼続と慶次～ M6-X,P_fcf2734cc1,P義風堂々!!～兼続と慶次～ M6-X,1.0,初期自動登録
P義風堂々!!～兼続と慶次～ N-X,P_c10b387dd4,P義風堂々!!～兼続と慶次～ N-X,1.0,初期自動登録
P義風堂々!!～兼続と慶次～3 199ver.,P_27bc584348,P義風堂々!!～兼続と慶次～3 199ver.,1.0,初期自動登録
P花の慶次 裂 蓮極129ver.,P_36033512f0,P花の慶次 裂 蓮極129ver.,1.0,初期自動登録
P花の慶次～蓮 L16-V,P_a7642d4de6,P花の慶次～蓮 L16-V,1.0,初期自動登録
P花の慶次～蓮 M-V YT550,P_7c2a927ab3,P花の慶次～蓮 M-V YT550,1.0,初期自動登録
e義風堂々!!～兼続と慶次～3 DM5-S,P_a59b15e455,e義風堂々!!～兼続と慶次～3 DM5-S,1.0,初期自動登録
e花の慶次 裂 一刀両断 DL2-MX,P_4b30be94a3,e花の慶次 裂 一刀両断 DL2-MX,1.0,初期自動登録
e花の慶次～傾奇一転 L2-MX,P_c806ceb2d7,e花の慶次～傾奇一転 L2-MX,1.0,初期自動登録
e花の慶次～黄金の一撃 H4,P_e59c40f240,e花の慶次～黄金の一撃 H4,1.0,初期自動登録
A-SLOTツインエンジェルBREAK,S_afe5fe46fa,A-SLOTツインエンジェルBREAK,1.0,初期自動登録
BIG島唄-30,S_a6cbd47edd,BIG島唄-30,1.0,初期自動登録
BLACK LAGOON ZERO bullet MAX,S_d9eb0fb836,BLACK LAGOON ZERO bullet MAX,1.0,初期自動登録
BLACK LAGOON2,S_a5f11f2195,BLACK LAGOON2,1.0,初期自動登録
BLACK LAGOON4,S_e0f6a81f98,BLACK LAGOON4,1.0,初期自動登録
CCエンジェル(2021年),S_923c176819,CCエンジェル(2021年),1.0,初期自動登録
Cの衝撃!!P弾球黙示録カイジ5 電撃チャージ和也Ver.,S_ea75d523e3,Cの衝撃!!P弾球黙示録カイジ5 電撃チャージ和也Ver.,1.0,初期自動登録
GⅠ優駿倶楽部,S_f543f3c3ce,GⅠ優駿倶楽部,1.0,初期自動登録
GⅠ優駿倶楽部3,S_b3768a1d8b,GⅠ優駿倶楽部3,1.0,初期自動登録
HIT128,S_c12e13f59d,HIT128,1.0,初期自動登録
L A-SLOT+ この素晴らしい世界に祝福を!,S_bbdaccba89,L A-SLOT+ この素晴らしい世界に祝福を!,1.0,初期自動登録
L A-SLOT+ ディスクアップ ULTRAREMIX,S_b9be424c14,L A-SLOT+ ディスクアップ ULTRAREMIX,1.0,初期自動登録
L D4DJ Pachi-Slot Mix,S_220a25739f,L D4DJ Pachi-Slot Mix,1.0,初期自動登録
L GⅠ優駿倶楽部黄金,S_1b927747a8,L GⅠ優駿倶楽部黄金,1.0,初期自動登録
L HEY!エリートサラリーマン鏡,S_587698411f,L HEY!エリートサラリーマン鏡,1.0,初期自動登録
L Sister Quest(2025年),S_5d887d8936,L Sister Quest(2025年),1.0,初期自動登録
L Sky Love,S_35fbe8f732,L Sky Love,1.0,初期自動登録
L ToLOVEるダークネス,S_6dbffef662,L ToLOVEるダークネス,1.0,初期自動登録
L ToLOVEるダークネス TRANCE ver.8.7,S_2496d8b5d9,L ToLOVEるダークネス TRANCE ver.8.7,1.0,初期自動登録
L ULTRAMAN,S_ace1b5cea0,L ULTRAMAN,1.0,初期自動登録
L にゃんこ大戦争 超神速,S_c0e769bb48,L にゃんこ大戦争 超神速,1.0,初期自動登録
L ひぐらしのなく頃に 業,S_710dfd59f7,L ひぐらしのなく頃に 業,1.0,初期自動登録
L アカメが斬る!2,S_3be3f3689b,L アカメが斬る!2,1.0,初期自動登録
L アズールレーン THE ANIMATION,S_eda259c939,L アズールレーン THE ANIMATION,1.0,初期自動登録
L ウルトラマンティガ,S_c01545042e,L ウルトラマンティガ,1.0,初期自動登録
L サラリーマン金太郎(2025年),S_3f57fd3866,L サラリーマン金太郎(2025年),1.0,初期自動登録
L スマスロ デビル メイ クライ 5 スタイリッシュトライブ,S_9405f09016,L スマスロ デビル メイ クライ 5 スタイリッシュトライブ,1.0,初期自動登録
L スマスロ バイオハザード5(2025年),S_2efe74ed20,L スマスロ バイオハザード5(2025年),1.0,初期自動登録
L ダーリン・イン・ザ・フランキス,S_6b6dac98f1,L ダーリン・イン・ザ・フランキス,1.0,初期自動登録
L ベルセルク無双,S_ef92b3fc9e,L ベルセルク無双,1.0,初期自動登録
L リングにかけろ1 V,S_4313e68063,L リングにかけろ1 V,1.0,初期自動登録
L 仮面ライダー 7RIDERS,S_edae19defc,L 仮面ライダー 7RIDERS,1.0,初期自動登録
L 仮面ライダー電王,S_fb5361c802,L 仮面ライダー電王,1.0,初期自動登録
L 無職転生 ～異世界行ったら本気だす～,S_c791cfec27,L 無職転生 ～異世界行ったら本気だす～,1.0,初期自動登録
L 犬夜叉2,S_8ff8fa7b0d,L 犬夜叉2,1.0,初期自動登録
L 真・一騎当千,S_3a8aa5fc21,L 真・一騎当千,1.0,初期自動登録
L 絶対衝激Ⅳ,S_2c2402f5d1,L 絶対衝激Ⅳ,1.0,初期自動登録
L 絶対衝激～PLATONIC HEART～,S_2d0651c3ad,L 絶対衝激～PLATONIC HEART～,1.0,初期自動登録
L 荒野のコトブキ飛行隊,S_54ccebaec4,L 荒野のコトブキ飛行隊,1.0,初期自動登録
L009 RE:CYBORG,S_bfa3ef2331,L009 RE:CYBORG,1.0,初期自動登録
LB A-SLOT+ 異世界かるてっと BT,S_a1a90deb0e,LB A-SLOT+ 異世界かるてっと BT,1.0,初期自動登録
LB SHAKE BONUS TRIGGER,S_2029a55693,LB SHAKE BONUS TRIGGER,1.0,初期自動登録
LBアレックス ブライト,S_4192484a65,LBアレックス ブライト,1.0,初期自動登録
LBクレアの秘宝伝 ～はじまりの扉と太陽の石～ ボーナストリガーver.,S_03fb21c116,LBクレアの秘宝伝 ～はじまりの扉と太陽の石～ ボーナストリガーver.,1.0,初期自動登録
LBスマスロ サンダーV(2026年),S_d72f4f9910,LBスマスロ サンダーV(2026年),1.0,初期自動登録
LBスマスロニューパルサーBT,S_3026b19684,LBスマスロニューパルサーBT,1.0,初期自動登録
LBスロットGALFY,S_4c408a22a6,LBスロットGALFY,1.0,初期自動登録
LBトリプルクラウン(2025年),S_99d530bba0,LBトリプルクラウン(2025年),1.0,初期自動登録
LBパチスロ ヱヴァンゲリヲン ～約束の扉～,S_6489fe8870,LBパチスロ ヱヴァンゲリヲン ～約束の扉～,1.0,初期自動登録
LBパチスロ1000ちゃんA,S_22c3d21cde,LBパチスロ1000ちゃんA,1.0,初期自動登録
LBプレミアムうまい棒,S_647f0cc24b,LBプレミアムうまい棒,1.0,初期自動登録
LBマジカルハロウィン ボーナストリガー,S_8fca514f34,LBマジカルハロウィン ボーナストリガー,1.0,初期自動登録
LBマタドールⅢ,S_64b14a7ba0,LBマタドールⅢ,1.0,初期自動登録
LB不二子BT,S_e29fa4c740,LB不二子BT,1.0,初期自動登録
LB翔べ!ハーレムエース,S_b368e4d32f,LB翔べ!ハーレムエース,1.0,初期自動登録
Lうしおととら白面決戦VH,S_41ca7f1640,Lうしおととら白面決戦VH,1.0,初期自動登録
Lうる星やつら(2024年),S_5df7fc9316,Lうる星やつら(2024年),1.0,初期自動登録
Lてぃだどんどん,S_f06dd4a076,Lてぃだどんどん,1.0,初期自動登録
Lぱちスロ にゃんこ大戦争 BIGBANG,S_97381baf77,Lぱちスロ にゃんこ大戦争 BIGBANG,1.0,初期自動登録
Lぱちスロ 乃木坂46,S_6bd2c98c0b,Lぱちスロ 乃木坂46,1.0,初期自動登録
Lわたしの幸せな結婚,S_e38e38a700,Lわたしの幸せな結婚,1.0,初期自動登録
Lアクダマドライブ,S_34df333997,Lアクダマドライブ,1.0,初期自動登録
Lアニマルスロットドッチ,S_e7e8129746,Lアニマルスロットドッチ,1.0,初期自動登録
Lゴジラ(2025年),S_332f5b5468,Lゴジラ(2025年),1.0,初期自動登録
Lゴブリンスレイヤー,S_4add6df270,Lゴブリンスレイヤー,1.0,初期自動登録
Lストライクウィッチーズ2,S_db8b623f2d,Lストライクウィッチーズ2,1.0,初期自動登録
Lスマスロ BIRDIE WING -Golf Girls’ Story-,S_d010fcde4c,Lスマスロ BIRDIE WING -Golf Girls’ Story-,1.0,初期自動登録
Lスマスロ とある科学の超電磁砲2,S_ba35333c31,Lスマスロ とある科学の超電磁砲2,1.0,初期自動登録
Lスマスロ ようこそ実力至上主義の教室へ,S_2eb1de21ce,Lスマスロ ようこそ実力至上主義の教室へ,1.0,初期自動登録
Lスマスロ アイドルマスター ミリオンライブ! ネクストプロローグ,S_c0096a036b,Lスマスロ アイドルマスター ミリオンライブ! ネクストプロローグ,1.0,初期自動登録
Lスマスロ ギルティクラウン2,S_8eca543f75,Lスマスロ ギルティクラウン2,1.0,初期自動登録
Lスマスロ ゲゲゲの鬼太郎 覚醒,S_cfae76aa24,Lスマスロ ゲゲゲの鬼太郎 覚醒,1.0,初期自動登録
Lスマスロ コードギアス 反逆のルルーシュ/復活のルルーシュ,S_718bfcf790,Lスマスロ コードギアス 反逆のルルーシュ/復活のルルーシュ,1.0,初期自動登録
Lスマスロ ゴブリンスレイヤーⅡ,S_4137eb61b3,Lスマスロ ゴブリンスレイヤーⅡ,1.0,初期自動登録
Lスマスロ ゴールデンカムイ,S_27c28fbbb5,Lスマスロ ゴールデンカムイ,1.0,初期自動登録
Lスマスロ シャーマンキング,S_8b8f0825a6,Lスマスロ シャーマンキング,1.0,初期自動登録
Lスマスロ ストライク・ザ・ブラッド,S_fa60619043,Lスマスロ ストライク・ザ・ブラッド,1.0,初期自動登録
Lスマスロ ストリートファイターV 挑戦者の道,S_56ea9882f4,Lスマスロ ストリートファイターV 挑戦者の道,1.0,初期自動登録
Lスマスロ スーパーリオエース2,S_66221f3729,Lスマスロ スーパーリオエース2,1.0,初期自動登録
Lスマスロ トロピカーナ(2024年),S_b3aca15e08,Lスマスロ トロピカーナ(2024年),1.0,初期自動登録
Lスマスロ ドルアーガの塔,S_bec05504b8,Lスマスロ ドルアーガの塔,1.0,初期自動登録
Lスマスロ ハナビ(2026年),S_ae8b7639c6,Lスマスロ ハナビ(2026年),1.0,初期自動登録
Lスマスロ バイオハザード:ヴィレッジ,S_f87ff5de03,Lスマスロ バイオハザード:ヴィレッジ,1.0,初期自動登録
Lスマスロ バイオハザード:ヴェンデッタ,S_aff52f8cbc,Lスマスロ バイオハザード:ヴェンデッタ,1.0,初期自動登録
Lスマスロ バイオハザードRE:3,S_55142f4b90,Lスマスロ バイオハザードRE:3,1.0,初期自動登録
Lスマスロ バベル(2025年),S_9fecd05f93,Lスマスロ バベル(2025年),1.0,初期自動登録
Lスマスロ ビッグドリーム THE GOLDEN PUSHER,S_d8d534f374,Lスマスロ ビッグドリーム THE GOLDEN PUSHER,1.0,初期自動登録
Lスマスロ モンスターハンターライズ,S_c63cc86391,Lスマスロ モンスターハンターライズ,1.0,初期自動登録
Lスマスロ 一方通行 とある魔術の禁書目録,S_4c7ea5c7ee,Lスマスロ 一方通行 とある魔術の禁書目録,1.0,初期自動登録
Lスマスロ 化物語,S_a08b205a79,Lスマスロ 化物語,1.0,初期自動登録
Lスマスロ 戦国BASARA GIGA,S_153d141757,Lスマスロ 戦国BASARA GIGA,1.0,初期自動登録
Lスマスロ 攻殻機動隊(2026年),S_e2c4202520,Lスマスロ 攻殻機動隊(2026年),1.0,初期自動登録
Lスマスロ 新鬼武者3,S_ac6d4813c3,Lスマスロ 新鬼武者3,1.0,初期自動登録
Lスマスロ 東京リベンジャーズ,S_9c50f162f9,Lスマスロ 東京リベンジャーズ,1.0,初期自動登録
Lスマスロ 甲鉄城のカバネリ 海門決戦,S_6bbcd56426,Lスマスロ 甲鉄城のカバネリ 海門決戦,1.0,初期自動登録
Lスマスロ 秘宝伝(2025年),S_28f09f9ef5,Lスマスロ 秘宝伝(2025年),1.0,初期自動登録
Lスマスロ 緑ドン VIVA!情熱南米編 REVIVAL,S_48550d032e,Lスマスロ 緑ドン VIVA!情熱南米編 REVIVAL,1.0,初期自動登録
Lスマスロ 聖戦士ダンバイン,S_0ed6606346,Lスマスロ 聖戦士ダンバイン,1.0,初期自動登録
Lスマスロ 鬼武者3(2024年),S_59c9c99f8d,Lスマスロ 鬼武者3(2024年),1.0,初期自動登録
Lスマスロとある魔術の禁書目録,S_d0a2199859,Lスマスロとある魔術の禁書目録,1.0,初期自動登録
Lスマスロキングパルサー,S_0e1ef244e5,Lスマスロキングパルサー,1.0,初期自動登録
Lスマスロキン肉マン～7人の悪魔超人編～,S_353929a755,Lスマスロキン肉マン～7人の悪魔超人編～,1.0,初期自動登録
Lスマスロスーパーブラックジャック(2025年),S_5db68a0fe8,Lスマスロスーパーブラックジャック(2025年),1.0,初期自動登録
Lスマスロネオプラネット,S_45fba2823d,Lスマスロネオプラネット,1.0,初期自動登録
Lスマスロヨルムンガンド,S_152edba129,Lスマスロヨルムンガンド,1.0,初期自動登録
Lスマスロリノヘブン,S_a9ad1d64d1,Lスマスロリノヘブン,1.0,初期自動登録
Lスマスロ交響詩篇エウレカセブン4 HI-EVOLUTION,S_6b65c31977,Lスマスロ交響詩篇エウレカセブン4 HI-EVOLUTION,1.0,初期自動登録
Lスマスロ痛いのは嫌なので防御力に極振りしたいと思います。,S_a7357526b9,Lスマスロ痛いのは嫌なので防御力に極振りしたいと思います。,1.0,初期自動登録
Lスマスロ転生したらスライムだった件,S_ee41e8a73a,Lスマスロ転生したらスライムだった件,1.0,初期自動登録
Lスマスロ鉄拳6,S_f8abc16161,Lスマスロ鉄拳6,1.0,初期自動登録
Lスマスロ頭文字D 2nd,S_2d560faa98,Lスマスロ頭文字D 2nd,1.0,初期自動登録
Lスマート沖スロ アメイジングライブ,S_c2182b7c81,Lスマート沖スロ アメイジングライブ,1.0,初期自動登録
Lスマート沖スロ 超華祭,S_8189eed808,Lスマート沖スロ 超華祭,1.0,初期自動登録
Lスロット ゾンビランドサガ,S_7e42832384,Lスロット ゾンビランドサガ,1.0,初期自動登録
Lスロット 冴えない彼女の育てかた,S_28d89adc28,Lスロット 冴えない彼女の育てかた,1.0,初期自動登録
Lスーパービンゴネオ(2024年),S_63b15202dd,Lスーパービンゴネオ(2024年),1.0,初期自動登録
Lタクトオーパス デスティニー,S_223d5cf369,Lタクトオーパス デスティニー,1.0,初期自動登録
Lダブルアタック2 withOZS-1000＆RAPHAEL,S_408178fa35,Lダブルアタック2 withOZS-1000＆RAPHAEL,1.0,初期自動登録
Lチバリヨ2,S_fa8541ac46,Lチバリヨ2,1.0,初期自動登録
Lチバリヨ2プラス,S_4a18fceb05,Lチバリヨ2プラス,1.0,初期自動登録
Lバキ 強くなりたくば喰らえ!!!,S_0030fe573b,Lバキ 強くなりたくば喰らえ!!!,1.0,初期自動登録
Lバンドリ!,S_6e2d0f1c94,Lバンドリ!,1.0,初期自動登録
Lバーニングエクスプレス,S_d46848c2cd,Lバーニングエクスプレス,1.0,初期自動登録
Lパチスロ ありふれた職業で世界最強,S_82f3b05705,Lパチスロ ありふれた職業で世界最強,1.0,初期自動登録
Lパチスロ かぐや様は告らせたい,S_89a899989a,Lパチスロ かぐや様は告らせたい,1.0,初期自動登録
Lパチスロ からくりサーカス,S_d9e2d3a573,Lパチスロ からくりサーカス,1.0,初期自動登録
Lパチスロ ケンガンアシュラ,S_74b54e37b4,Lパチスロ ケンガンアシュラ,1.0,初期自動登録
Lパチスロ ダンベル何キロ持てる?,S_79791d6a23,Lパチスロ ダンベル何キロ持てる?,1.0,初期自動登録
Lパチスロ マクロスフロンティア4,S_adba12674b,Lパチスロ マクロスフロンティア4,1.0,初期自動登録
Lパチスロ 戦姫絶唱シンフォギア 正義の歌,S_a2556802d1,Lパチスロ 戦姫絶唱シンフォギア 正義の歌,1.0,初期自動登録
Lパチスロ 機動戦士ガンダムSEED,S_885a21ac31,Lパチスロ 機動戦士ガンダムSEED,1.0,初期自動登録
Lパチスロ 機動戦士ガンダムユニコーン 覚醒DRIVE,S_7cc6df8785,Lパチスロ 機動戦士ガンダムユニコーン 覚醒DRIVE,1.0,初期自動登録
Lパチスロ 炎炎ノ消防隊(2024年),S_2fafc1c172,Lパチスロ 炎炎ノ消防隊(2024年),1.0,初期自動登録
Lパチスロ 炎炎ノ消防隊2,S_47316507f2,Lパチスロ 炎炎ノ消防隊2,1.0,初期自動登録
Lパチスロ 転生したら剣でした,S_7600a99a1e,Lパチスロ 転生したら剣でした,1.0,初期自動登録
Lパチスロ 革命機ヴァルヴレイヴ,S_7b6f1a0a58,Lパチスロ 革命機ヴァルヴレイヴ,1.0,初期自動登録
Lパチスロ 革命機ヴァルヴレイヴ2,S_49fedbdf76,Lパチスロ 革命機ヴァルヴレイヴ2,1.0,初期自動登録
Lパチスロうみねこのなく頃に2,S_6ebbb5041b,Lパチスロうみねこのなく頃に2,1.0,初期自動登録
Lパチスロガールズ＆パンツァー 最終章,S_cd41e46a42,Lパチスロガールズ＆パンツァー 最終章,1.0,初期自動登録
Lパチスロ閃乱カグラ2 SHINOVI MASTER,S_02e5fca44d,Lパチスロ閃乱カグラ2 SHINOVI MASTER,1.0,初期自動登録
Lプリズムナナ(2025年),S_d26dd811c8,Lプリズムナナ(2025年),1.0,初期自動登録
Lマジカルハロウィン8,S_b78bce966e,Lマジカルハロウィン8,1.0,初期自動登録
Lラブ嬢3～Wご指名はいかがですか?～,S_e1b0c93427,Lラブ嬢3～Wご指名はいかがですか?～,1.0,初期自動登録
Lワンパンマン,S_884defc033,Lワンパンマン,1.0,初期自動登録
L七つの魔剣が支配する,S_579c67f180,L七つの魔剣が支配する,1.0,初期自動登録
L主役は銭形4,S_78a7c9fede,L主役は銭形4,1.0,初期自動登録
L主役は銭形5,S_1d200dffe6,L主役は銭形5,1.0,初期自動登録
L今日から俺は!! パチスロ編,S_cb6e128e5f,L今日から俺は!! パチスロ編,1.0,初期自動登録
L南国育ち(2024年),S_e4182f2f6a,L南国育ち(2024年),1.0,初期自動登録
L咲-Saki- 頂上決戦,S_c482ff1791,L咲-Saki- 頂上決戦,1.0,初期自動登録
L回胴黙示録カイジ 狂宴,S_9fbfd31981,L回胴黙示録カイジ 狂宴,1.0,初期自動登録
L大工の源さん 超夢源,S_af7b22dc2c,L大工の源さん 超夢源,1.0,初期自動登録
L島娘(2025年),S_655a077a55,L島娘(2025年),1.0,初期自動登録
L忍魂参 ～奥義皆伝ノ章～,S_e15d9f3bd0,L忍魂参 ～奥義皆伝ノ章～,1.0,初期自動登録
L戦国コレクション5超極楽LOOP,S_600d4e577a,L戦国コレクション5超極楽LOOP,1.0,初期自動登録
L桃太郎電鉄 ～パチスロも定番!～,S_fbd7213c06,L桃太郎電鉄 ～パチスロも定番!～,1.0,初期自動登録
L範馬刃牙,S_18ca0c6052,L範馬刃牙,1.0,初期自動登録
L聖闘士星矢 海皇覚醒 CUSTOM EDITION,S_a5511e6383,L聖闘士星矢 海皇覚醒 CUSTOM EDITION,1.0,初期自動登録
L花笠,S_04bf0c9741,L花笠,1.0,初期自動登録
L虚構推理,S_941a72e6d8,L虚構推理,1.0,初期自動登録
L賞金首Angel,S_dd1314d6d0,L賞金首Angel,1.0,初期自動登録
L防空少女ラブキューレ2～極限の共鳴～,S_8062ebf1c3,L防空少女ラブキューレ2～極限の共鳴～,1.0,初期自動登録
L麻雀格闘倶楽部 覚醒,S_d02fb415f2,L麻雀格闘倶楽部 覚醒,1.0,初期自動登録
L麻雀物語(2025年),S_4272384ef1,L麻雀物語(2025年),1.0,初期自動登録
OVER-SLOT AINZ OOAL GOWN絶対支配者光臨,S_9ca894d98d,OVER-SLOT AINZ OOAL GOWN絶対支配者光臨,1.0,初期自動登録
Pアクエリオン ALL STARS bV,S_1c061e711c,Pアクエリオン ALL STARS bV,1.0,初期自動登録
Pターミネーター2 連撃FULL AUTO VER.,S_33cab2b1e9,Pターミネーター2 連撃FULL AUTO VER.,1.0,初期自動登録
Pデビルマン THE FINAL N4-S,S_995e58500b,Pデビルマン THE FINAL N4-S,1.0,初期自動登録
Pフィーバー蒼穹のファフナー3 EXODDUS 織姫Light ver.,S_090053e72f,Pフィーバー蒼穹のファフナー3 EXODDUS 織姫Light ver.,1.0,初期自動登録
Pフィーバー蒼穹のファフナー3 EXODUS 超蒼穹3800ver.,S_518533e7a3,Pフィーバー蒼穹のファフナー3 EXODUS 超蒼穹3800ver.,1.0,初期自動登録
Pフィーバー革命機ヴァルヴレイヴ2 Light ver.,S_6a4f4abff1,Pフィーバー革命機ヴァルヴレイヴ2 Light ver.,1.0,初期自動登録
Pフィーバー革命機ヴァルヴレイヴ2 S,S_1a92830fcc,Pフィーバー革命機ヴァルヴレイヴ2 S,1.0,初期自動登録
Pフィーバー革命機ヴァルヴレイヴ2 カミツキver.,S_a1774b1467,Pフィーバー革命機ヴァルヴレイヴ2 カミツキver.,1.0,初期自動登録
Pフィーバー革命機ヴァルヴレイヴ3 Light ver.,S_4bf1d45498,Pフィーバー革命機ヴァルヴレイヴ3 Light ver.,1.0,初期自動登録
Pフィーバー革命機ヴァルヴレイヴ3 R,S_1674d4d0d4,Pフィーバー革命機ヴァルヴレイヴ3 R,1.0,初期自動登録
Pプロゴルファー猿 EMPEROR MODEL M4,S_ac8011eb62,Pプロゴルファー猿 EMPEROR MODEL M4,1.0,初期自動登録
P学園黙示録HIGH SCHOOL OF THE DEAD 2 弾丸319Ver.,S_150c616822,P学園黙示録HIGH SCHOOL OF THE DEAD 2 弾丸319Ver.,1.0,初期自動登録
P真・座頭市物語 DL-MX,S_97fba83700,P真・座頭市物語 DL-MX,1.0,初期自動登録
P結城友奈は勇者である ALL RUSH,S_72070a8732,P結城友奈は勇者である ALL RUSH,1.0,初期自動登録
P花満開 月光 THE FINAL ZC,S_99827533bc,P花満開 月光 THE FINAL ZC,1.0,初期自動登録
SLOT STEINS；GATE,S_4d498eb3da,SLOT STEINS；GATE,1.0,初期自動登録
SLOTえとたま,S_c6d7adbb9d,SLOTえとたま,1.0,初期自動登録
SLOTとある科学の超電磁砲,S_540ef2665c,SLOTとある科学の超電磁砲,1.0,初期自動登録
SLOTアカギ～闇に降り立った天才～,S_127a495795,SLOTアカギ～闇に降り立った天才～,1.0,初期自動登録
SLOTアルドノア・ゼロ,S_8e8b2d91f2,SLOTアルドノア・ゼロ,1.0,初期自動登録
SLOTギルティクラウン,S_08e205659f,SLOTギルティクラウン,1.0,初期自動登録
SLOTタブー・タトゥー,S_1c43c3dbed,SLOTタブー・タトゥー,1.0,初期自動登録
SLOTデビルマンχ,S_fd0a03f57f,SLOTデビルマンχ,1.0,初期自動登録
SLOTドルアーガの塔,S_5d7d05ac93,SLOTドルアーガの塔,1.0,初期自動登録
SLOTマッピー,S_6c63f66ca4,SLOTマッピー,1.0,初期自動登録
SLOTメイドインアビス,S_b462674a39,SLOTメイドインアビス,1.0,初期自動登録
SLOT忍者じゃじゃ丸くん,S_ac764e0e2a,SLOT忍者じゃじゃ丸くん,1.0,初期自動登録
いろはに愛姫,S_7c6a0db469,いろはに愛姫,1.0,初期自動登録
ご～やちゃんぷる～-25,S_3a66cd9890,ご～やちゃんぷる～-25,1.0,初期自動登録
ご～やちゃんぷる～-30,S_ef8eed23f2,ご～やちゃんぷる～-30,1.0,初期自動登録
ぱちすろ けものフレンズ,S_c1038ffb23,ぱちすろ けものフレンズ,1.0,初期自動登録
ぱちスロ ウルトラセブン(2017年),S_455f862081,ぱちスロ ウルトラセブン(2017年),1.0,初期自動登録
ぱちスロ ウルトラマンタロウ 暴君SPEC,S_0bfd78c611,ぱちスロ ウルトラマンタロウ 暴君SPEC,1.0,初期自動登録
ぱちスロ ギャグダー,S_737109a363,ぱちスロ ギャグダー,1.0,初期自動登録
ぱちスロ 沖ハナ-30,S_8ac1a283f7,ぱちスロ 沖ハナ-30,1.0,初期自動登録
みうのおしゃべりパチスロ,S_ef477bcf42,みうのおしゃべりパチスロ,1.0,初期自動登録
もっと!クレアの秘宝伝～女神の歌声と太陽の子供達～,S_6839a45f40,もっと!クレアの秘宝伝～女神の歌声と太陽の子供達～,1.0,初期自動登録
もっと!チバリヨ-25,S_b83e7f594b,もっと!チバリヨ-25,1.0,初期自動登録
もっと!チバリヨ-30(2022年),S_61df3d8256,もっと!チバリヨ-30(2022年),1.0,初期自動登録
もっと！クレアの秘宝伝～女神の歌声と太陽の子供達～,S_3404f27280,もっと！クレアの秘宝伝～女神の歌声と太陽の子供達～,1.0,初期自動登録
もっと！チバリヨ-30(2022年),S_c341d349bd,もっと！チバリヨ-30(2022年),1.0,初期自動登録
やじきた道中記乙,S_3a965c1fc2,やじきた道中記乙,1.0,初期自動登録
アオハル♪操 A-LIVE,S_b8ab89a148,アオハル♪操 A-LIVE,1.0,初期自動登録
アカメが斬る!,S_9a3f601614,アカメが斬る!,1.0,初期自動登録
アナターのオット!?はーです,S_dad76897dc,アナターのオット!?はーです,1.0,初期自動登録
アバサー,S_53ae6d3833,アバサー,1.0,初期自動登録
アバサー30,S_b779ddf2e8,アバサー30,1.0,初期自動登録
アレックス(2018年),S_20969704c7,アレックス(2018年),1.0,初期自動登録
ウルトラちゃぶ台返し,S_6234bd9cc3,ウルトラちゃぶ台返し,1.0,初期自動登録
カードバトルパチスロ ガンダム クロスオーバー,S_5886af1c5c,カードバトルパチスロ ガンダム クロスオーバー,1.0,初期自動登録
ガールズ＆パンツァー 劇場版,S_fb146238f8,ガールズ＆パンツァー 劇場版,1.0,初期自動登録
キャッツ・アイ(2022年),S_6301559ca3,キャッツ・アイ(2022年),1.0,初期自動登録
キングクリエーター30,S_877deef453,キングクリエーター30,1.0,初期自動登録
クランキークレスト,S_615f1e3362,クランキークレスト,1.0,初期自動登録
クレアの秘宝伝 女神の夢と魔法の遺跡,S_ab2bce7a3b,クレアの秘宝伝 女神の夢と魔法の遺跡,1.0,初期自動登録
クレアの秘宝伝 ～眠りの塔とめざめの石～,S_67d1437a4a,クレアの秘宝伝 ～眠りの塔とめざめの石～,1.0,初期自動登録
サラリーマン金太郎 出世回胴編,S_1b95b2a34e,サラリーマン金太郎 出世回胴編,1.0,初期自動登録
サンダーVライトニング,S_70f000d541,サンダーVライトニング,1.0,初期自動登録
シャア専用パチスロ 逆襲の赤い彗星,S_cfbb5cd7b4,シャア専用パチスロ 逆襲の赤い彗星,1.0,初期自動登録
シリウス,S_29a2f163ae,シリウス,1.0,初期自動登録
シンデレラブレイド4,S_cbe517ac1c,シンデレラブレイド4,1.0,初期自動登録
スカイガールズ～ゼロノツバサ～,S_0089d4fae2,スカイガールズ～ゼロノツバサ～,1.0,初期自動登録
スターパルサー,S_31985b3fc7,スターパルサー,1.0,初期自動登録
スナイパイ71,S_1cbc07dd2e,スナイパイ71,1.0,初期自動登録
スロドル,S_4515f4ee29,スロドル,1.0,初期自動登録
スーハナライジング-30,S_c14d24e644,スーハナライジング-30,1.0,初期自動登録
スーパービンゴギャラクシー,S_bf12c02d3d,スーパービンゴギャラクシー,1.0,初期自動登録
スーパービンゴネオ,S_39d1f44359,スーパービンゴネオ,1.0,初期自動登録
スーパービンゴネオ-30,S_84ad848822,スーパービンゴネオ-30,1.0,初期自動登録
スーパービンゴネオクラシック,S_9e905bc655,スーパービンゴネオクラシック,1.0,初期自動登録
スーパービンゴネオクラシック-30,S_73cc7bd93b,スーパービンゴネオクラシック-30,1.0,初期自動登録
スーパーリオエース,S_da428d4d3f,スーパーリオエース,1.0,初期自動登録
スーパーリノMAX,S_021a459fa4,スーパーリノMAX,1.0,初期自動登録
スーパーリノSP,S_5cd56d4e08,スーパーリノSP,1.0,初期自動登録
チバリヨ(2022年),S_4b47021fb4,チバリヨ(2022年),1.0,初期自動登録
チバリヨ-30(2021年),S_b7a901b48d,チバリヨ-30(2021年),1.0,初期自動登録
デカスタPデビルマン THE FINAL 179ver.,S_bdabaef1ea,デカスタPデビルマン THE FINAL 179ver.,1.0,初期自動登録
デカスタP戦国無双 100ver.,S_1f82051059,デカスタP戦国無双 100ver.,1.0,初期自動登録
デカスタP戦国無双 HM3,S_8be38c0430,デカスタP戦国無双 HM3,1.0,初期自動登録
ドリームクルーン2,S_9241350271,ドリームクルーン2,1.0,初期自動登録
ドンちゃん2(2019年),S_b77cff3059,ドンちゃん2(2019年),1.0,初期自動登録
ニューゲッターマウス,S_2cb355a2ec,ニューゲッターマウス,1.0,初期自動登録
ニューパルサーDXⅢ,S_84551f4e1d,ニューパルサーDXⅢ,1.0,初期自動登録
ニューパルサーSP4 with 太鼓の達人,S_e50ba2b349,ニューパルサーSP4 with 太鼓の達人,1.0,初期自動登録
ニューパルサーSPⅢ,S_a83f4f60d3,ニューパルサーSPⅢ,1.0,初期自動登録
ノーゲーム・ノーライフ THE SLOT,S_96ee3eb50d,ノーゲーム・ノーライフ THE SLOT,1.0,初期自動登録
ハイスクールD×D2 ハーレム王に俺はなる,S_1116e8a8cf,ハイスクールD×D2 ハーレム王に俺はなる,1.0,初期自動登録
ハイハイシオサイ2,S_23634940c5,ハイハイシオサイ2,1.0,初期自動登録
ハイパーブラックジャック,S_dea9874c1c,ハイパーブラックジャック,1.0,初期自動登録
ハイビリターン-30,S_0428d9a575,ハイビリターン-30,1.0,初期自動登録
ハナビ(2015年),S_3ed6a6a88e,ハナビ(2015年),1.0,初期自動登録
バイオハザードリベレーションズ,S_cf856b8250,バイオハザードリベレーションズ,1.0,初期自動登録
バハマ30(2024年),S_a8674b72bb,バハマ30(2024年),1.0,初期自動登録
バーサス(2016年),S_7cdcf29cbf,バーサス(2016年),1.0,初期自動登録
バーサスリヴァイズ,S_b66116739a,バーサスリヴァイズ,1.0,初期自動登録
パチスロ Angel Beats!,S_99d5412667,パチスロ Angel Beats!,1.0,初期自動登録
パチスロ BIOHAZARD 7 resident evil,S_b64e32bab9,パチスロ BIOHAZARD 7 resident evil,1.0,初期自動登録
パチスロ BLOOD+ 二人の女王,S_07570bdb39,パチスロ BLOOD+ 二人の女王,1.0,初期自動登録
パチスロ BOOWY,S_1e0d3e5ff8,パチスロ BOOWY,1.0,初期自動登録
パチスロ KING黄門ちゃま,S_ac131bd444,パチスロ KING黄門ちゃま,1.0,初期自動登録
パチスロ TIGER&BUNNY SP,S_50f9564ced,パチスロ TIGER&BUNNY SP,1.0,初期自動登録
パチスロ TIGER＆BUNNY,S_23a3e953dc,パチスロ TIGER＆BUNNY,1.0,初期自動登録
パチスロ うしおととら 雷槍一閃,S_4eed0441d0,パチスロ うしおととら 雷槍一閃,1.0,初期自動登録
パチスロ かまいたちの夜,S_7653de2fa8,パチスロ かまいたちの夜,1.0,初期自動登録
パチスロ この素晴らしい世界に祝福を!,S_9a4f8103b2,パチスロ この素晴らしい世界に祝福を!,1.0,初期自動登録
パチスロ アイドルマスター ミリオンライブ!,S_1ea6d75c69,パチスロ アイドルマスター ミリオンライブ!,1.0,初期自動登録
パチスロ アクエリオン ALL STARS,S_176c786ac2,パチスロ アクエリオン ALL STARS,1.0,初期自動登録
パチスロ アラジンAⅡ,S_114be62896,パチスロ アラジンAⅡ,1.0,初期自動登録
パチスロ エウレカセブンAO,S_4042a53391,パチスロ エウレカセブンAO,1.0,初期自動登録
パチスロ ガメラ(2021年),S_c01716279a,パチスロ ガメラ(2021年),1.0,初期自動登録
パチスロ ガメラ2,S_1546db3105,パチスロ ガメラ2,1.0,初期自動登録
パチスロ ガールフレンド(仮)～聖櫻学園メモリアル～,S_1e624252a9,パチスロ ガールフレンド(仮)～聖櫻学園メモリアル～,1.0,初期自動登録
パチスロ ケロット3,S_6ab12367b9,パチスロ ケロット3,1.0,初期自動登録
パチスロ ケロット4,S_a9609bb575,パチスロ ケロット4,1.0,初期自動登録
パチスロ コードギアス 反逆のルルーシュ3,S_e5424db385,パチスロ コードギアス 反逆のルルーシュ3,1.0,初期自動登録
パチスロ コードギアス 反逆のルルーシュR2,S_8e789cc4d2,パチスロ コードギアス 反逆のルルーシュR2,1.0,初期自動登録
パチスロ サクラ大戦～熱き血潮に～,S_9be40ab6c1,パチスロ サクラ大戦～熱き血潮に～,1.0,初期自動登録
パチスロ サラリーマン金太郎～MAX～,S_6636efeec5,パチスロ サラリーマン金太郎～MAX～,1.0,初期自動登録
パチスロ セイクリッドセブン,S_f25c183471,パチスロ セイクリッドセブン,1.0,初期自動登録
パチスロ ゼーガペイン2,S_57a0a6c330,パチスロ ゼーガペイン2,1.0,初期自動登録
パチスロ ダンまち外伝 ソード・オラトリア,S_c751100e92,パチスロ ダンまち外伝 ソード・オラトリア,1.0,初期自動登録
パチスロ ダンジョンに出会いを求めるのは間違っているだろうか2,S_d88e2b624f,パチスロ ダンジョンに出会いを求めるのは間違っているだろうか2,1.0,初期自動登録
パチスロ ディスクアップ,S_7a2cfb47ad,パチスロ ディスクアップ,1.0,初期自動登録
パチスロ ディスクアップ2,S_5e0f750628,パチスロ ディスクアップ2,1.0,初期自動登録
パチスロ デビル メイ クライ5,S_3510450bdd,パチスロ デビル メイ クライ5,1.0,初期自動登録
パチスロ トータル・イクリプス,S_9e336921ac,パチスロ トータル・イクリプス,1.0,初期自動登録
パチスロ トータル・イクリプス2,S_040e27bb0e,パチスロ トータル・イクリプス2,1.0,初期自動登録
パチスロ ドリフターズ,S_518c55563a,パチスロ ドリフターズ,1.0,初期自動登録
パチスロ バイオハザード RE:2,S_17f30a0e41,パチスロ バイオハザード RE:2,1.0,初期自動登録
パチスロ ピンクパンサーSP,S_4690173747,パチスロ ピンクパンサーSP,1.0,初期自動登録
パチスロ ファイヤードリフト,S_d397063460,パチスロ ファイヤードリフト,1.0,初期自動登録
パチスロ ファンタシースターオンライン2,S_09dff6b61d,パチスロ ファンタシースターオンライン2,1.0,初期自動登録
パチスロ フレームアームズ・ガール,S_81211da0cd,パチスロ フレームアームズ・ガール,1.0,初期自動登録
パチスロ マクロスデルタ,S_155ddaa4c8,パチスロ マクロスデルタ,1.0,初期自動登録
パチスロ マクロスフロンティア2,S_06a8df286f,パチスロ マクロスフロンティア2,1.0,初期自動登録
パチスロ マクロスフロンティア3,S_dbcbc3a62e,パチスロ マクロスフロンティア3,1.0,初期自動登録
パチスロ モンスターハンター 月下雷鳴,S_6e8ad110bf,パチスロ モンスターハンター 月下雷鳴,1.0,初期自動登録
パチスロ モンスターハンター:ワールド,S_86ee7f9dbd,パチスロ モンスターハンター:ワールド,1.0,初期自動登録
パチスロ モンスターハンター:ワールド 黄金狩猟,S_f8a1fddf65,パチスロ モンスターハンター:ワールド 黄金狩猟,1.0,初期自動登録
パチスロ モンスターハンターワールド:アイスボーン,S_32ef7959d4,パチスロ モンスターハンターワールド:アイスボーン,1.0,初期自動登録
パチスロ モンスターハンター～狂竜戦線～,S_089ccdcba9,パチスロ モンスターハンター～狂竜戦線～,1.0,初期自動登録
パチスロ ヤッターマン 絶対正義,S_5843c7ff86,パチスロ ヤッターマン 絶対正義,1.0,初期自動登録
パチスロ ラブ嬢,S_b462306e9b,パチスロ ラブ嬢,1.0,初期自動登録
パチスロ ラブ嬢Ⅱ,S_8a76fbfa05,パチスロ ラブ嬢Ⅱ,1.0,初期自動登録
パチスロ ラブ嬢Ⅱ+,S_5dd84acbac,パチスロ ラブ嬢Ⅱ+,1.0,初期自動登録
パチスロ リング 呪いの7日間,S_0b84ace89c,パチスロ リング 呪いの7日間,1.0,初期自動登録
パチスロ リング 終焉ノ刻,S_f8a85fc7b2,パチスロ リング 終焉ノ刻,1.0,初期自動登録
パチスロ リング 運命の秒刻,S_bae93499f3,パチスロ リング 運命の秒刻,1.0,初期自動登録
パチスロ リングにかけろ1 ワールドチャンピオンカーニバル編,S_bc04043644,パチスロ リングにかけろ1 ワールドチャンピオンカーニバル編,1.0,初期自動登録
パチスロ ロリクラほーるど!,S_8a12e58294,パチスロ ロリクラほーるど!,1.0,初期自動登録
パチスロ 七つの大罪,S_5c20e1eaae,パチスロ 七つの大罪,1.0,初期自動登録
パチスロ 亜人,S_d9133aedc0,パチスロ 亜人,1.0,初期自動登録
パチスロ 交響詩篇エウレカセブン2,S_eb02d0854e,パチスロ 交響詩篇エウレカセブン2,1.0,初期自動登録
パチスロ 偽物語,S_bd404c2207,パチスロ 偽物語,1.0,初期自動登録
パチスロ 化物語,S_9c78d641fd,パチスロ 化物語,1.0,初期自動登録
パチスロ 咲-Saki-,S_6bf616770f,パチスロ 咲-Saki-,1.0,初期自動登録
パチスロ 哲也 -天運地力-,S_46c9662dc9,パチスロ 哲也 -天運地力-,1.0,初期自動登録
パチスロ 地獄少女 あとはあなたが決めることよ,S_7f1d322092,パチスロ 地獄少女 あとはあなたが決めることよ,1.0,初期自動登録
パチスロ 地獄少女 宵伽,S_238f660b2a,パチスロ 地獄少女 宵伽,1.0,初期自動登録
パチスロ 天元突破グレンラガン,S_feffa7cb43,パチスロ 天元突破グレンラガン,1.0,初期自動登録
パチスロ 学園黙示録HIGHSCHOOL OF THE DEAD GOLD,S_5050f01345,パチスロ 学園黙示録HIGHSCHOOL OF THE DEAD GOLD,1.0,初期自動登録
パチスロ 戦国†恋姫,S_149c3791e0,パチスロ 戦国†恋姫,1.0,初期自動登録
パチスロ 戦姫絶唱シンフォギア,S_6753f540af,パチスロ 戦姫絶唱シンフォギア,1.0,初期自動登録
パチスロ 戦姫絶唱シンフォギア 勇気の歌,S_a845422195,パチスロ 戦姫絶唱シンフォギア 勇気の歌,1.0,初期自動登録
パチスロ 探偵オペラ ミルキィホームズR 大収穫祭!!!!,S_739a600a75,パチスロ 探偵オペラ ミルキィホームズR 大収穫祭!!!!,1.0,初期自動登録
パチスロ 新鬼武者(2020年),S_1f746cfd43,パチスロ 新鬼武者(2020年),1.0,初期自動登録
パチスロ 新鬼武者2,S_8290cecd6d,パチスロ 新鬼武者2,1.0,初期自動登録
パチスロ 春一番,S_1a505e85f5,パチスロ 春一番,1.0,初期自動登録
パチスロ 月華 雅,S_7b857e7c5b,パチスロ 月華 雅,1.0,初期自動登録
パチスロ 東京レイヴンズ,S_3e11da8a11,パチスロ 東京レイヴンズ,1.0,初期自動登録
パチスロ 楽園追放,S_fc35847e17,パチスロ 楽園追放,1.0,初期自動登録
パチスロ 涼宮ハルヒの憂鬱,S_9a4141f73d,パチスロ 涼宮ハルヒの憂鬱,1.0,初期自動登録
パチスロ 炎炎ノ消防隊,S_2d69937350,パチスロ 炎炎ノ消防隊,1.0,初期自動登録
パチスロ 犬夜叉(2022年),S_82f91aa0d9,パチスロ 犬夜叉(2022年),1.0,初期自動登録
パチスロ 甲鉄城のカバネリ,S_13f941f93f,パチスロ 甲鉄城のカバネリ,1.0,初期自動登録
パチスロ 百花繚乱 サムライガールズ(2021年),S_371fd46d6d,パチスロ 百花繚乱 サムライガールズ(2021年),1.0,初期自動登録
パチスロ 真俺の空,S_4464801327,パチスロ 真俺の空,1.0,初期自動登録
パチスロ 緋弾のアリアⅡ,S_e774276543,パチスロ 緋弾のアリアⅡ,1.0,初期自動登録
パチスロ 織田信奈の野望,S_aa9b2f2fbf,パチスロ 織田信奈の野望,1.0,初期自動登録
パチスロ 聖闘士星矢-冥王復活-,S_85e3fb3d6c,パチスロ 聖闘士星矢-冥王復活-,1.0,初期自動登録
パチスロ 花伝,S_5cf01d7630,パチスロ 花伝,1.0,初期自動登録
パチスロ 花伝-30,S_3e17b35d9d,パチスロ 花伝-30,1.0,初期自動登録
パチスロ 蒼天の拳2,S_58ab03bb4b,パチスロ 蒼天の拳2,1.0,初期自動登録
パチスロ 蒼天の拳4,S_7b4ed562d5,パチスロ 蒼天の拳4,1.0,初期自動登録
パチスロ 蒼穹のファフナー,S_d5d21862fc,パチスロ 蒼穹のファフナー,1.0,初期自動登録
パチスロ 蒼穹のファフナー EXODUS,S_ffd4fc83f3,パチスロ 蒼穹のファフナー EXODUS,1.0,初期自動登録
パチスロ 蛇喰夢子という女,S_1517dedad4,パチスロ 蛇喰夢子という女,1.0,初期自動登録
パチスロ 言い訳はさせないわよ!by壇蜜,S_84d0e67a9d,パチスロ 言い訳はさせないわよ!by壇蜜,1.0,初期自動登録
パチスロ 輪廻のラグランジェ,S_7179d1db31,パチスロ 輪廻のラグランジェ,1.0,初期自動登録
パチスロ 這いよれ!ニャル子さん,S_42d251e0b1,パチスロ 這いよれ!ニャル子さん,1.0,初期自動登録
パチスロ 鉄拳3rd,S_0560fc9c17,パチスロ 鉄拳3rd,1.0,初期自動登録
パチスロ 鉄拳4,S_97f4cfb72d,パチスロ 鉄拳4,1.0,初期自動登録
パチスロ 鉄拳4 デビルVer.,S_3aaf21db2a,パチスロ 鉄拳4 デビルVer.,1.0,初期自動登録
パチスロ 閃乱カグラ,S_b40935e424,パチスロ 閃乱カグラ,1.0,初期自動登録
パチスロ 閃乱カグラ BURST UP,S_5f84d5c804,パチスロ 閃乱カグラ BURST UP,1.0,初期自動登録
パチスロ 零～zero～,S_a36d2613ed,パチスロ 零～zero～,1.0,初期自動登録
パチスロ 青の祓魔師,S_702e1d037c,パチスロ 青の祓魔師,1.0,初期自動登録
パチスロ 青鬼,S_a556f85e33,パチスロ 青鬼,1.0,初期自動登録
パチスロ 魔法少女育成計画,S_072a8d4ef3,パチスロ 魔法少女育成計画,1.0,初期自動登録
パチスロ 麻雀物語4,S_2025d4ce2d,パチスロ 麻雀物語4,1.0,初期自動登録
パチスロ ＜物語＞シリーズ セカンドシーズン,S_7cb64782e8,パチスロ ＜物語＞シリーズ セカンドシーズン,1.0,初期自動登録
パチスロ1000ちゃん,S_09d4e2414b,パチスロ1000ちゃん,1.0,初期自動登録
パチスロANEMONE 交響詩篇エウレカセブン HI-EVOLUTION,S_5411de8ce5,パチスロANEMONE 交響詩篇エウレカセブン HI-EVOLUTION,1.0,初期自動登録
パチスロFAIRY TAIL2,S_7742549ccf,パチスロFAIRY TAIL2,1.0,初期自動登録
パチスロGANTZ極 THE SURVIVAL GAME,S_bb4d9d628f,パチスロGANTZ極 THE SURVIVAL GAME,1.0,初期自動登録
パチスロL黄門ちゃま天,S_b05eaf1e86,パチスロL黄門ちゃま天,1.0,初期自動登録
パチスロOVERLORD絶対支配者光臨Ⅱ,S_d6ac2f46c6,パチスロOVERLORD絶対支配者光臨Ⅱ,1.0,初期自動登録
パチスロRYUKYU Beat-30,S_35a640667d,パチスロRYUKYU Beat-30,1.0,初期自動登録
パチスロうまい棒(2021年),S_84d20e6aa6,パチスロうまい棒(2021年),1.0,初期自動登録
パチスロひぐらしのなく頃に祭2,S_4e5ade6281,パチスロひぐらしのなく頃に祭2,1.0,初期自動登録
パチスロひぐらしのなく頃に祭2カケラ遊び編,S_8aeff369fb,パチスロひぐらしのなく頃に祭2カケラ遊び編,1.0,初期自動登録
パチスロアラジンAクラシック,S_06fc35a8a4,パチスロアラジンAクラシック,1.0,初期自動登録
パチスロコードギアス 反逆のルルーシュ3 C.C.&Kallen ver.,S_cb37e3aa93,パチスロコードギアス 反逆のルルーシュ3 C.C.&Kallen ver.,1.0,初期自動登録
パチスロコードギアス 反逆のルルーシュR2 C.C.version,S_e2f26a661c,パチスロコードギアス 反逆のルルーシュR2 C.C.version,1.0,初期自動登録
パチスロナイツ,S_d90696e43e,パチスロナイツ,1.0,初期自動登録
パチスロハイパーラッシュ(2024年),S_00ea55a8cc,パチスロハイパーラッシュ(2024年),1.0,初期自動登録
パチスロハードボイルド(2022年),S_b46d2659cc,パチスロハードボイルド(2022年),1.0,初期自動登録
パチスロペルソナ5,S_aa31a03af6,パチスロペルソナ5,1.0,初期自動登録
パチスロ交響詩篇エウレカセブン HI-EVOLUTION ZERO TYPE-ART,S_3751971f34,パチスロ交響詩篇エウレカセブン HI-EVOLUTION ZERO TYPE-ART,1.0,初期自動登録
パチスロ交響詩篇エウレカセブン3 HI-EVOLUTION-ZERO,S_42c5740692,パチスロ交響詩篇エウレカセブン3 HI-EVOLUTION-ZERO,1.0,初期自動登録
パチスロ修羅の刻,S_4c40b5683a,パチスロ修羅の刻,1.0,初期自動登録
パチスロ傷物語 -始マリノ刻-,S_ec8ed9e159,パチスロ傷物語 -始マリノ刻-,1.0,初期自動登録
パチスロ大工の源さん～桜満開!源DREAM Ver.～,S_8b2dbd493b,パチスロ大工の源さん～桜満開!源DREAM Ver.～,1.0,初期自動登録
パチスロ幼女戦記,S_e97eac9ef4,パチスロ幼女戦記,1.0,初期自動登録
パチスロ戦国無双3,S_136146b6e4,パチスロ戦国無双3,1.0,初期自動登録
パチスロ攻殻機動隊S.A.C.2nd GIG,S_2ac0e2b41d,パチスロ攻殻機動隊S.A.C.2nd GIG,1.0,初期自動登録
パチスロ機動戦士ガンダムユニコーン,S_a1ea934262,パチスロ機動戦士ガンダムユニコーン,1.0,初期自動登録
パチスロ武装神姫,S_313526c20c,パチスロ武装神姫,1.0,初期自動登録
パチスロ獣王 王者の覚醒,S_b0efc932ff,パチスロ獣王 王者の覚醒,1.0,初期自動登録
パチスロ盾の勇者の成り上がり,S_cbbabe4f4f,パチスロ盾の勇者の成り上がり,1.0,初期自動登録
パチスロ笑ゥせぇるすまん 絶笑,S_27fb8cfe8b,パチスロ笑ゥせぇるすまん 絶笑,1.0,初期自動登録
パチスロ笑ゥせぇるすまん4,S_3132848693,パチスロ笑ゥせぇるすまん4,1.0,初期自動登録
パチスロ聖闘士星矢-海皇覚醒-,S_e5262820c3,パチスロ聖闘士星矢-海皇覚醒-,1.0,初期自動登録
パチスロ鉄拳4 アルティメットデビルVer.,S_2b41916352,パチスロ鉄拳4 アルティメットデビルVer.,1.0,初期自動登録
パチスロ鉄拳5,S_b7989bfbea,パチスロ鉄拳5,1.0,初期自動登録
パチスロ頭文字D,S_b531e87092,パチスロ頭文字D,1.0,初期自動登録
パチスロ黄門ちゃま 喝,S_e37b16a86e,パチスロ黄門ちゃま 喝,1.0,初期自動登録
ファミスタ回胴版!!,S_aca6bfabd8,ファミスタ回胴版!!,1.0,初期自動登録
プレミアムビンゴ,S_24f947fbeb,プレミアムビンゴ,1.0,初期自動登録
ボンバーガール,S_0bcc563b07,ボンバーガール,1.0,初期自動登録
マイフラワー2-30,S_e3e5ffa8b1,マイフラワー2-30,1.0,初期自動登録
マジカルハロウィン ～Trick or Treat!～,S_ca21ed1f7e,マジカルハロウィン ～Trick or Treat!～,1.0,初期自動登録
マジカルハロウィン5,S_3d25299028,マジカルハロウィン5,1.0,初期自動登録
マジカルハロウィン7,S_6e4c9af557,マジカルハロウィン7,1.0,初期自動登録
モモキュンソードDX,S_963f0c5d72,モモキュンソードDX,1.0,初期自動登録
ラストユートピア,S_4fa2ed08fc,ラストユートピア,1.0,初期自動登録
リノ(2015年),S_9b8f6da3fa,リノ(2015年),1.0,初期自動登録
リング 恐襲ノ連鎖,S_cf63c47c85,リング 恐襲ノ連鎖,1.0,初期自動登録
ワードオブライツⅡ,S_b663343055,ワードオブライツⅡ,1.0,初期自動登録
ヱヴァンゲリヲン・魂を繋ぐもの,S_327c7606f9,ヱヴァンゲリヲン・魂を繋ぐもの,1.0,初期自動登録
ヱヴァンゲリヲン･勝利への願い,S_8804f2dad1,ヱヴァンゲリヲン･勝利への願い,1.0,初期自動登録
ヴィーナスゾーン,S_e75f1b04d8,ヴィーナスゾーン,1.0,初期自動登録
主役は銭形2,S_6146348969,主役は銭形2,1.0,初期自動登録
主役は銭形3,S_2cc784a62f,主役は銭形3,1.0,初期自動登録
十字架5,S_75320b0bcd,十字架5,1.0,初期自動登録
十字架Ⅲ,S_14f58b2308,十字架Ⅲ,1.0,初期自動登録
南国娘2,S_d09d05d9b9,南国娘2,1.0,初期自動登録
南国娘2-30,S_fbfc0dfc48,南国娘2-30,1.0,初期自動登録
南国物語(2016年),S_6b135dab5b,南国物語(2016年),1.0,初期自動登録
南国育ち-30(2021年),S_91eb4a5bd2,南国育ち-30(2021年),1.0,初期自動登録
呪怨 再誕AT,S_199e21b644,呪怨 再誕AT,1.0,初期自動登録
喰霊-零- 運命乱～うんめいのみだれ～,S_0f98cb2e43,喰霊-零- 運命乱～うんめいのみだれ～,1.0,初期自動登録
回胴式遊技機 グランベルム,S_ca18bfa382,回胴式遊技機 グランベルム,1.0,初期自動登録
回胴性ミリオンアーサー,S_44eff69b91,回胴性ミリオンアーサー,1.0,初期自動登録
回胴黙示録カイジ～沼～,S_68adea0773,回胴黙示録カイジ～沼～,1.0,初期自動登録
天下布武4,S_5edf51d418,天下布武4,1.0,初期自動登録
対魔導学園35試験小隊,S_c82e66c70c,対魔導学園35試験小隊,1.0,初期自動登録
忍魂～暁ノ章～,S_b140f8bd77,忍魂～暁ノ章～,1.0,初期自動登録
戦国コレクション2,S_f7aca39417,戦国コレクション2,1.0,初期自動登録
戦国コレクション4,S_ba1656f2e7,戦国コレクション4,1.0,初期自動登録
戦国コレクション5,S_abf672793a,戦国コレクション5,1.0,初期自動登録
押忍!!豪炎高校應援團 檄,S_e037be396e,押忍!!豪炎高校應援團 檄,1.0,初期自動登録
探偵オペラ ミルキィホームズ 1/2の奇跡,S_08cdaa9d53,探偵オペラ ミルキィホームズ 1/2の奇跡,1.0,初期自動登録
政宗 戦極,S_d6dfacf8eb,政宗 戦極,1.0,初期自動登録
政宗2,S_c8f55d8a5e,政宗2,1.0,初期自動登録
政宗3,S_a38af98d68,政宗3,1.0,初期自動登録
新ハナビ,S_5276a9f9f8,新ハナビ,1.0,初期自動登録
沖っ娘,S_0d0cc3e730,沖っ娘,1.0,初期自動登録
沖縄フェスティバル-30,S_c4e549c2e2,沖縄フェスティバル-30,1.0,初期自動登録
沖縄フェスティバル-30(2022年),S_74259696da,沖縄フェスティバル-30(2022年),1.0,初期自動登録
燃えよ!功夫淑女ドラゴン,S_3b7c08baeb,燃えよ!功夫淑女ドラゴン,1.0,初期自動登録
燃えチバ-30,S_e8820749a9,燃えチバ-30,1.0,初期自動登録
真天下布武,S_1dfbb0366b,真天下布武,1.0,初期自動登録
秘宝伝-解き放たれた女神-,S_58512b763a,秘宝伝-解き放たれた女神-,1.0,初期自動登録
秘宝伝～伝説への道～,S_38a17df233,秘宝伝～伝説への道～,1.0,初期自動登録
紅き魂は桜の如く,S_eaab0fc824,紅き魂は桜の如く,1.0,初期自動登録
絶対衝激Ⅲ,S_cdc25826cb,絶対衝激Ⅲ,1.0,初期自動登録
緑ドンVIVA2,S_2604fd7c45,緑ドンVIVA2,1.0,初期自動登録
織田信奈の野望 全国版,S_5e91e28975,織田信奈の野望 全国版,1.0,初期自動登録
花火絶景,S_1733c5630f,花火絶景,1.0,初期自動登録
課長 熊田工作,S_eb2d7d433c,課長 熊田工作,1.0,初期自動登録
超ギラギラ爺サマー,S_ef9ff8f4dc,超ギラギラ爺サマー,1.0,初期自動登録
遊moreLT PエガブレイブVVV AX4,S_2791021c15,遊moreLT PエガブレイブVVV AX4,1.0,初期自動登録
闘魂継承 アントニオ猪木という名のパチスロ機,S_dc5bba0a0e,闘魂継承 アントニオ猪木という名のパチスロ機,1.0,初期自動登録
防空少女ラブキューレ,S_a62256c004,防空少女ラブキューレ,1.0,初期自動登録
鬼浜爆走紅蓮隊 愛情恋歌編,S_20281e1ea6,鬼浜爆走紅蓮隊 愛情恋歌編,1.0,初期自動登録
鬼浜爆走紅蓮隊 激闘謳歌編,S_13355056ca,鬼浜爆走紅蓮隊 激闘謳歌編,1.0,初期自動登録
鬼浜爆走紅蓮隊 狂闘旅情編,S_afee0d6aaf,鬼浜爆走紅蓮隊 狂闘旅情編,1.0,初期自動登録
麻雀格闘倶楽部,S_cb1475560b,麻雀格闘倶楽部,1.0,初期自動登録
麻雀格闘倶楽部 参,S_44a5f5c30e,麻雀格闘倶楽部 参,1.0,初期自動登録
麻雀格闘倶楽部 真,S_2545dd75af,麻雀格闘倶楽部 真,1.0,初期自動登録
麻雀物語3 役満乱舞の究極大戦,S_6cc0253c3e,麻雀物語3 役満乱舞の究極大戦,1.0,初期自動登録
黄門ちゃま喝2,S_469f3c9f24,黄門ちゃま喝2,1.0,初期自動登録
～ガールズケイリン～ＧⅠフェアリーグランプリ,S_28dfc2bed4,～ガールズケイリン～ＧⅠフェアリーグランプリ,1.0,初期自動登録
Lスマスロ マギアレコード 魔法少女まどか☆マギカ外伝,S_f333047b40,Lスマスロ マギアレコード 魔法少女まどか☆マギカ外伝,1.0,初期自動登録
Lスマスロ劇場版 魔法少女まどか☆マギカ[前編]始まりの物語／[後編]永遠の物語f-フォルテ-,S_e08bd5772f,Lスマスロ劇場版 魔法少女まどか☆マギカ[前編]始まりの物語／[後編]永遠の物語f-フォルテ-,1.0,初期自動登録
SLOT劇場版魔法少女まどか☆マギカ [新編] 叛逆の物語,S_5d33b5beca,SLOT劇場版魔法少女まどか☆マギカ [新編] 叛逆の物語,1.0,初期自動登録
SLOT劇場版魔法少女まどか☆マギカ[前編]始まりの物語／[後編]永遠の物語,S_5d1404cfec,SLOT劇場版魔法少女まどか☆マギカ[前編]始まりの物語／[後編]永遠の物語,1.0,初期自動登録
SLOT魔法少女まどか☆マギカ,S_5c084ce113,SLOT魔法少女まどか☆マギカ,1.0,初期自動登録
SLOT魔法少女まどか☆マギカ2,S_11fbafc639,SLOT魔法少女まどか☆マギカ2,1.0,初期自動登録
Lスマスロ ゴッドイーター リザレクション,S_ab3182b97e,Lスマスロ ゴッドイーター リザレクション,1.0,初期自動登録
Lスマスロ ミリオンゴッド-神々の軌跡-,S_898752fa3b,Lスマスロ ミリオンゴッド-神々の軌跡-,1.0,初期自動登録
アナザーゴッドハーデス-奪われたZEUSver.-,S_9ca5cb3d9f,アナザーゴッドハーデス-奪われたZEUSver.-,1.0,初期自動登録
アナザーゴッドハーデス-解き放たれし槍撃ver.-,S_3ad090faac,アナザーゴッドハーデス-解き放たれし槍撃ver.-,1.0,初期自動登録
パチスロ ゴッドイーター,S_eb32a5796c,パチスロ ゴッドイーター,1.0,初期自動登録
パチスロ ゴッドイーター ジ・アニメーション,S_1bcbaa0c3e,パチスロ ゴッドイーター ジ・アニメーション,1.0,初期自動登録
ミリオンゴッド-神々の凱旋-,S_4bc23b7474,ミリオンゴッド-神々の凱旋-,1.0,初期自動登録
アイムジャグラーEX AnniversaryEdition,S_77adf50ec8,アイムジャグラーEX AnniversaryEdition,1.0,初期自動登録
アイムジャグラーEX(2017年),S_54d6b43552,アイムジャグラーEX(2017年),1.0,初期自動登録
アイムジャグラーEX(2020年),S_86e7f26173,アイムジャグラーEX(2020年),1.0,初期自動登録
ウルトラミラクルジャグラー,S_37ccca2a32,ウルトラミラクルジャグラー,1.0,初期自動登録
ゴーゴージャグラー(2015年),S_cbb398eb9a,ゴーゴージャグラー(2015年),1.0,初期自動登録
ゴーゴージャグラー2,S_88d8d14073,ゴーゴージャグラー2,1.0,初期自動登録
ゴーゴージャグラー3,S_d538e468e0,ゴーゴージャグラー3,1.0,初期自動登録
ジャグラーガールズ,S_a9a46c95eb,ジャグラーガールズ,1.0,初期自動登録
ジャグラーガールズSS,S_8b62ab2976,ジャグラーガールズSS,1.0,初期自動登録
スーパーミラクルジャグラー,S_04cbe4f4ba,スーパーミラクルジャグラー,1.0,初期自動登録
ニューアイムジャグラーEX,S_3cba3e37e6,ニューアイムジャグラーEX,1.0,初期自動登録
ニューアイムジャグラーEX(2014年),S_d10980b192,ニューアイムジャグラーEX(2014年),1.0,初期自動登録
ニューアイムジャグラーEX(2016年),S_04deec39b6,ニューアイムジャグラーEX(2016年),1.0,初期自動登録
ネオアイムジャグラーEX,S_a90ab18ec6,ネオアイムジャグラーEX,1.0,初期自動登録
ハッピージャグラーVⅡ,S_17301b124b,ハッピージャグラーVⅡ,1.0,初期自動登録
ハッピージャグラーVⅢ,S_06b19afd94,ハッピージャグラーVⅢ,1.0,初期自動登録
ファンキージャグラー,S_08ee0da32e,ファンキージャグラー,1.0,初期自動登録
ファンキージャグラー2,S_ee835a181e,ファンキージャグラー2,1.0,初期自動登録
マイジャグラーⅡ,S_c1b218ad63,マイジャグラーⅡ,1.0,初期自動登録
マイジャグラーⅡ(2013年),S_01b5b4c1b4,マイジャグラーⅡ(2013年),1.0,初期自動登録
マイジャグラーⅢ,S_c084404fc3,マイジャグラーⅢ,1.0,初期自動登録
マイジャグラーⅣ,S_ebb11708ce,マイジャグラーⅣ,1.0,初期自動登録
マイジャグラーⅤ,S_c20b177fd4,マイジャグラーⅤ,1.0,初期自動登録
ミスタージャグラー,S_86592b4dd9,ミスタージャグラー,1.0,初期自動登録
Lスロット ソードアート・オンライン,S_c800a516f3,Lスロット ソードアート・オンライン,1.0,初期自動登録
Lスロット ソードアート・オンラインⅡ,S_10dbf8b240,Lスロット ソードアート・オンラインⅡ,1.0,初期自動登録
LBスマート沖スロ ニューキングハナハナV,S_38ec471f18,LBスマート沖スロ ニューキングハナハナV,1.0,初期自動登録
Lスマート沖スロ スターハナハナ,S_9c101f6fde,Lスマート沖スロ スターハナハナ,1.0,初期自動登録
Lスマート沖スロ ドラゴンハナハナ～閃光～,S_153a54b7cc,Lスマート沖スロ ドラゴンハナハナ～閃光～,1.0,初期自動登録
SBニューキングハナハナV-30,S_271044d750,SBニューキングハナハナV-30,1.0,初期自動登録
キングハナハナ-30(2023年),S_788d47b589,キングハナハナ-30(2023年),1.0,初期自動登録
グレートキングハナハナ,S_1f5a2a5b7b,グレートキングハナハナ,1.0,初期自動登録
グレートキングハナハナ-30,S_6e26dee7bd,グレートキングハナハナ-30,1.0,初期自動登録
スターハナハナ-30,S_af93e0ab88,スターハナハナ-30,1.0,初期自動登録
スーパーハナハナ-30(2021年),S_68cf36ed26,スーパーハナハナ-30(2021年),1.0,初期自動登録
スーパーハナハナ2-30,S_8165063aca,スーパーハナハナ2-30,1.0,初期自動登録
ツインドラゴンハナハナ-30,S_1e012b7b3b,ツインドラゴンハナハナ-30,1.0,初期自動登録
ドラゴンハナハナ～閃光～-30,S_338d43a32a,ドラゴンハナハナ～閃光～-30,1.0,初期自動登録
ドリームハナハナ-30,S_826306b067,ドリームハナハナ-30,1.0,初期自動登録
ニューキングハナハナ-30,S_27341d90b6,ニューキングハナハナ-30,1.0,初期自動登録
ニューハナハナゴールド-30,S_4da88ee08a,ニューハナハナゴールド-30,1.0,初期自動登録
ハナハナホウオウ-30,S_a7bc4ec2d7,ハナハナホウオウ-30,1.0,初期自動登録
ハナハナホウオウ～天翔～,S_c857657178,ハナハナホウオウ～天翔～,1.0,初期自動登録
ハナハナホウオウ～天翔～-30,S_4d4b329c12,ハナハナホウオウ～天翔～-30,1.0,初期自動登録
プレミアムハナハナ-30,S_57fd77ce53,プレミアムハナハナ-30,1.0,初期自動登録
L スマスロバジリスク～甲賀忍法帖～絆2 天膳 BLACK EDITION,S_b34ae9caec,L スマスロバジリスク～甲賀忍法帖～絆2 天膳 BLACK EDITION,1.0,初期自動登録
Pバジリスク～桜花忍法帖～ MD,S_a5b2d3f235,Pバジリスク～桜花忍法帖～ MD,1.0,初期自動登録
Pバジリスク～桜花忍法帖～ 早咲き桜99ver.,S_c91f08f4d0,Pバジリスク～桜花忍法帖～ 早咲き桜99ver.,1.0,初期自動登録
Pバジリスク～甲賀忍法帖～2 MD,S_bf13426644,Pバジリスク～甲賀忍法帖～2 MD,1.0,初期自動登録
Pバジリスク～甲賀忍法帖～2 朧の章,S_1ecd0feefe,Pバジリスク～甲賀忍法帖～2 朧の章,1.0,初期自動登録
P真バジリスク～甲賀忍法帖～ MQ,S_99af53e764,P真バジリスク～甲賀忍法帖～ MQ,1.0,初期自動登録
P真バジリスク～甲賀忍法帖～豪塊W319ver.,S_b440b81e57,P真バジリスク～甲賀忍法帖～豪塊W319ver.,1.0,初期自動登録
SLOTバジリスク～甲賀忍法帖～Ⅲ,S_aa711ac7c0,SLOTバジリスク～甲賀忍法帖～Ⅲ,1.0,初期自動登録
SLOTバジリスク～甲賀忍法帖～絆2,S_8d42be490b,SLOTバジリスク～甲賀忍法帖～絆2,1.0,初期自動登録
バジリスク～甲賀忍法帖～絆,S_00f9b66433,バジリスク～甲賀忍法帖～絆,1.0,初期自動登録
LスマスロモンキーターンⅤ,S_e535b48685,LスマスロモンキーターンⅤ,1.0,初期自動登録
PモンキーターンV MD,S_b8d17d125e,PモンキーターンV MD,1.0,初期自動登録
PモンキーターンⅥ 超抜 ZDa,S_6fd2c99a90,PモンキーターンⅥ 超抜 ZDa,1.0,初期自動登録
パチスロ モンキーターンⅡ,S_aee65468a0,パチスロ モンキーターンⅡ,1.0,初期自動登録
パチスロ モンキーターンⅣ,S_efd23a9f84,パチスロ モンキーターンⅣ,1.0,初期自動登録
Lスロット Re:ゼロから始める異世界生活 season2,S_8c0b30a8ea,Lスロット Re:ゼロから始める異世界生活 season2,1.0,初期自動登録
Re:ゼロから始める異世界生活 Apex Vacation,S_0f5f34edbd,Re:ゼロから始める異世界生活 Apex Vacation,1.0,初期自動登録
Re:ゼロから始める異世界生活 鬼がかりver.,S_485642e8a3,Re:ゼロから始める異世界生活 鬼がかりver.,1.0,初期自動登録
Lスマスロ 北斗の拳 転生の章2,S_6d815bde2d,Lスマスロ 北斗の拳 転生の章2,1.0,初期自動登録
Lスマスロ北斗の拳,S_834a95a15a,Lスマスロ北斗の拳,1.0,初期自動登録
PDD北斗の拳2 ついでに愛を取り戻せ!! ケンシロウ319Ver.,S_ebe374272d,PDD北斗の拳2 ついでに愛を取り戻せ!! ケンシロウ319Ver.,1.0,初期自動登録
P北斗の拳8 救世主 SFJE,S_d05901dde4,P北斗の拳8 救世主 SFJE,1.0,初期自動登録
P北斗の拳8 究極乱世 SSF,S_c84cdc00ab,P北斗の拳8 究極乱世 SSF,1.0,初期自動登録
P北斗の拳8 覇王FQA,S_895ca07926,P北斗の拳8 覇王FQA,1.0,初期自動登録
P北斗の拳9 闘神 GFG,S_ff2f7da40f,P北斗の拳9 闘神 GFG,1.0,初期自動登録
e北斗の拳10 GHEG,S_ac947d4aea,e北斗の拳10 GHEG,1.0,初期自動登録
パチスロ 北斗の拳 修羅の国篇,S_a40e7ddd03,パチスロ 北斗の拳 修羅の国篇,1.0,初期自動登録
パチスロ北斗の拳 天昇,S_c889e30631,パチスロ北斗の拳 天昇,1.0,初期自動登録
パチスロ北斗の拳 宿命,S_5d6e261637,パチスロ北斗の拳 宿命,1.0,初期自動登録
L吉宗(2025年),S_8a69d51109,L吉宗(2025年),1.0,初期自動登録
L吉宗RISING,S_c15cb72b07,L吉宗RISING,1.0,初期自動登録
L真打 吉宗,S_43d2165990,L真打 吉宗,1.0,初期自動登録
e吉宗 極乗3000ver.,S_7d43d7f08d,e吉宗 極乗3000ver.,1.0,初期自動登録
スロット 吉宗3,S_c60d4ad55f,スロット 吉宗3,1.0,初期自動登録
吉宗～極～,S_6be735fc8e,吉宗～極～,1.0,初期自動登録
L戦国乙女4 戦乱に閃く炯眼の軍師,S_d6953837bc,L戦国乙女4 戦乱に閃く炯眼の軍師,1.0,初期自動登録
L戦国乙女5 業火を穿つ宿焔の双刃,S_51e27eda14,L戦国乙女5 業火を穿つ宿焔の双刃,1.0,初期自動登録
パチスロ 戦国乙女 暁の関ケ原 DARKNESS,S_8ad71150c0,パチスロ 戦国乙女 暁の関ケ原 DARKNESS,1.0,初期自動登録
戦国乙女2～深淵に輝く気高き将星～,S_9d4d998aae,戦国乙女2～深淵に輝く気高き将星～,1.0,初期自動登録
戦国乙女3～天剣を継ぐもの～,S_02e9babd23,戦国乙女3～天剣を継ぐもの～,1.0,初期自動登録
戦国乙女～剣戟に舞う白き剣聖～西国参戦編,S_2d4f1414dd,戦国乙女～剣戟に舞う白き剣聖～西国参戦編,1.0,初期自動登録
L 東京喰種,S_1bc7ae6a97,L 東京喰種,1.0,初期自動登録
Lスマスロ 沖ドキ!DUO アンコール,S_f96627ea99,Lスマスロ 沖ドキ!DUO アンコール,1.0,初期自動登録
P沖ドキ!ドキドキ弾丸ツアー LG,S_9f5bf2ca26,P沖ドキ!ドキドキ弾丸ツアー LG,1.0,初期自動登録
沖ドキ!,S_6ab5fbcb89,沖ドキ!,1.0,初期自動登録
沖ドキ!-30,S_a8dadbd9c1,沖ドキ!-30,1.0,初期自動登録
沖ドキ!2-30,S_8275c92704,沖ドキ!2-30,1.0,初期自動登録
沖ドキ!BLACK,S_95c57f7f2d,沖ドキ!BLACK,1.0,初期自動登録
沖ドキ!DUO,S_7a6df155e8,沖ドキ!DUO,1.0,初期自動登録
沖ドキ!DUO-30,S_2841eaa020,沖ドキ!DUO-30,1.0,初期自動登録
沖ドキ!GOLD,S_b585010de3,沖ドキ!GOLD,1.0,初期自動登録
沖ドキ!GOLD-30,S_86150a4734,沖ドキ!GOLD-30,1.0,初期自動登録
沖ドキ!ゴージャス,S_24819c8235,沖ドキ!ゴージャス,1.0,初期自動登録
沖ドキ!ゴージャス-30,S_261aa58496,沖ドキ!ゴージャス-30,1.0,初期自動登録
沖ドキ!トロピカル,S_be62fc850c,沖ドキ!トロピカル,1.0,初期自動登録
沖ドキ!トロピカル-30,S_b33c0bf680,沖ドキ!トロピカル-30,1.0,初期自動登録
沖ドキ！GOLD,S_c7865003c7,沖ドキ！GOLD,1.0,初期自動登録
沖ドキ！GOLD-30,S_321140eb18,沖ドキ！GOLD-30,1.0,初期自動登録
Lいざ!番長,S_c4032a95de,Lいざ!番長,1.0,初期自動登録
L押忍!番長4,S_57486bc1a8,L押忍!番長4,1.0,初期自動登録
押忍!サラリーマン番長,S_8a52691c12,押忍!サラリーマン番長,1.0,初期自動登録
押忍!サラリーマン番長2,S_f30f492dda,押忍!サラリーマン番長2,1.0,初期自動登録
押忍!番長3,S_6c2ef38e44,押忍!番長3,1.0,初期自動登録
押忍!番長ZERO,S_3e362aa4e0,押忍!番長ZERO,1.0,初期自動登録
L花の慶次～佐渡攻めの章～,S_d9f4adef6c,L花の慶次～佐渡攻めの章～,1.0,初期自動登録
P花の慶次～傾奇一転 L-MX,S_eebb8b2dc6,P花の慶次～傾奇一転 L-MX,1.0,初期自動登録
デカスタe花の慶次～傾奇一転 H6,S_0efb7a9e6c,デカスタe花の慶次～傾奇一転 H6,1.0,初期自動登録
花の慶次～武威～,S_9467e65c51,花の慶次～武威～,1.0,初期自動登録
