maker_name,maker_group,memo
DAXEL,,ベースExcelから自動生成
EXCITE,,ベースExcelから自動生成
JFJ,,ベースExcelから自動生成
KPE,,ベースExcelから自動生成
SANKYO,,ベースExcelから自動生成
アイドル,,ベースExcelから自動生成
アクロス,,ベースExcelから自動生成
アデリオン,,ベースExcelから自動生成
アムテックス,,ベースExcelから自動生成
エフ,,ベースExcelから自動生成
エレコ,,ベースExcelから自動生成
エンターライズ,,ベースExcelから自動生成
オッケー．,,ベースExcelから自動生成
オリンピア,,ベースExcelから自動生成
オリンピアエステート,,ベースExcelから自動生成
オレンジ,,ベースExcelから自動生成
オーイズミ,,ベースExcelから自動生成
カルミナ,,ベースExcelから自動生成
コナミ,,ベースExcelから自動生成
コナミアミューズメント,,ベースExcelから自動生成
サボハニ,,ベースExcelから自動生成
サミー,,ベースExcelから自動生成
サンスリー,,ベースExcelから自動生成
サンセイR&D,,ベースExcelから自動生成
ジェイビー,,ベースExcelから自動生成
スパイキー,,ベースExcelから自動生成
セブンリーグ,,ベースExcelから自動生成
ソフィア(フィールズ),,ベースExcelから自動生成
タイヨーエレック,,ベースExcelから自動生成
ディ・ライト,,ベースExcelから自動生成
ニューギン,,ベースExcelから自動生成
ネット,,ベースExcelから自動生成
パイオニア,,ベースExcelから自動生成
パオン・ディーピー,,ベースExcelから自動生成
ビスティ,,ベースExcelから自動生成
ベルコ,,ベースExcelから自動生成
マルホン,,ベースExcelから自動生成
ミズホ,,ベースExcelから自動生成
メーシー,,ベースExcelから自動生成
ヤーマ,,ベースExcelから自動生成
ユニバーサルブロス,,ベースExcelから自動生成
レオスター,,ベースExcelから自動生成
ロデオ,,ベースExcelから自動生成
ワールド,,ベースExcelから自動生成
七匠,,ベースExcelから自動生成
三洋,,ベースExcelから自動生成
京楽産業．,,ベースExcelから自動生成
北電子,,ベースExcelから自動生成
大一商会,,ベースExcelから自動生成
大都技研,,ベースExcelから自動生成
山佐,,ベースExcelから自動生成
山佐NEXT,,ベースExcelから自動生成
山佐ネクスト,,ベースExcelから自動生成
岡崎産業,,ベースExcelから自動生成
平和,,ベースExcelから自動生成
新日テクノロジー,,ベースExcelから自動生成
竹屋,,ベースExcelから自動生成
藤商事,,ベースExcelから自動生成
西陣,,ベースExcelから自動生成
豊丸,,ベースExcelから自動生成
高尾,,ベースExcelから自動生成
高尾(オーイズミ),,ベースExcelから自動生成
ｵｰｲｽﾞﾐ･ｱﾐｭｰｼﾞｵ,,ベースExcelから自動生成
